SCOTT-DRAPER,0.0008240930954517696
TODD-WOODBRIDGE,0.0006276359729423437
MIKAEL-TILLSTROM,0.0023529357406730615
JEFF-TARANGO,0.0032238930463196268
ALEX-OBRIEN,0.0003597396604278189
KAROL-KUCERA,0.001675764936146681
JONAS-BJORKMAN,0.007352669403920281
ANDREI-CHERKASOV,0.00026794242367862394
MARK-WOODFORDE,0.00036562877085612145
JIRI-NOVAK,0.002321869716198725
THOMAS-JOHANSSON,0.0037033696616722424
DAVID-PRINOSIL,0.0013343547995526587
BOHDAN-ULIHRACH,0.002739709169860679
JONATHAN-STARK,0.0008401534356882192
PATRICK-RAFTER,0.0009043960709509242
BYRON-BLACK,0.0012999424841084405
YEVGENY-KAFELNIKOV,0.0018153183540591889
RICHARD-FROMBERG,0.0010562663105747033
ANDREI-MEDVEDEV,0.0018371400782103528
DANIEL-VACEK,0.0009172800402356482
MARC-KEVIN-GOELLNER,0.0019529830928820303
SLAVA-DOSEDEL,0.000496682786519151
RENZO-FURLAN,0.0011368004052526213
NICOLAS-PEREIRA,2.8142221188383962e-06
NICKLAS-KULTI,0.00013591552418776317
KENNETH-CARLSEN,0.0069879860387919695
ALEX-RADULESCU,0.00018649523124778105
GALO-BLANCO,0.004409665466098524
SANDON-STOLLE,0.0003351325376612851
MICHAEL-TEBBUTT,0.0006084732695176014
JEFF-SALZENSTEIN,0.0009456627902259711
MARTIN-DAMM,0.001759197527067417
TIM-HENMAN,0.0035538244681928917
JIM-COURIER,0.0002908619362479661
SERGI-BRUGUERA,0.0008655056884323457
HICHAM-ARAZI,0.0022120243351989614
THOMAS-MUSTER,0.0004105465634667372
MAGNUS-GUSTAFSSON,0.0016089185785060087
PETR-KORDA,0.0003429111497878647
MAGNUS-LARSSON,0.0005354996534890899
CHRISTIAN-RUUD,0.0011777401937908723
DOMINIK-HRBATY,0.008073703558524745
MAGNUS-NORMAN,0.0029654013099343923
RAZVAN-SABAU,0.002294531728302407
PATRICK-MCENROE,1.4086987169986341e-05
JAVIER-SANCHEZ,0.0029964858974997565
TAMER-EL-SAWY,8.040200439711472e-06
PATRIK-FREDRIKSSON,0.0007551008173050636
HERNAN-GUMY,0.00014078363660437182
THOMAS-ENQVIST,0.0014961495455655311
JAN-SIEMERINK,0.001868839820764072
MICHAEL-STICH,3.3191242512951996e-05
JORDI-BURILLO,0.00015836907235918204
STEPHANE-SIMIAN,0.0007224181214880156
PAUL-HAARHUIS,0.0001770168875530792
SJENG-SCHALKEN,0.0019870292813187664
LEANDER-PAES,0.0011772937067564067
KARIM-ALAMI,0.0008306103885551083
HERBERT-WILTSCHNIG,2.140116583868549e-05
DINU-PESCARIU,0.00012700341880083658
JUAN-ALBERT-VILOCA-PUIG,0.0005559246575020695
SULTAN-KHALFAN,7.87067486862709e-06
OLIVER-GROSS,0.0015321684992283496
GUILLAUME-RAOUX,0.0011207080903921352
MARCOS-ONDRUSKA,0.0007966537228483734
MARCELO-RIOS,0.0012611828984483747
JAN-MICHAEL-GAMBILL,0.004200452937971925
ALBERTO-BERASATEGUI,0.0017844519287991216
CHRIS-WOODRUFF,0.0007673116314167955
CECIL-MAMIIT,0.004323657794720441
ROBERTO-CARRETERO,6.78969499565517e-05
ALEX-CORRETJA,0.001007769131506525
TOMAS-CARBONELL,0.0001294305579746065
BERND-KARBACHER,0.0007941710092386043
GREG-RUSEDSKI,0.0020409531752260636
CARLOS-COSTA,0.0004940687057556322
ALISTAIR-HUNT,2.5608035848755664e-07
TODD-LARKHAM,4.5696536055646545e-05
BRETT-STEVEN,0.001025440473268316
DAVID-CALDWELL,6.080997755462438e-06
STEVEN-DOWNS,0.0
CARLOS-MOYA,0.0064488955426196025
GORAN-IVANISEVIC,0.0009991337045673417
ALBERT-COSTA,0.0013077189137712998
GRANT-STAFFORD,0.0006541617624399665
ADRIAN-VOINEA,0.0017198577787306956
WAYNE-FERREIRA,0.0024621227909877178
LIONEL-ROUX,0.0016354314237202253
FELIX-MANTILLA,0.002869241080673238
MARC-ROSSET,0.00305980384736061
SARGIS-SARGSIAN,0.0014588570579428934
GRANT-DOYLE,6.772877508170288e-07
NEVILLE-GODWIN,0.0005247742959961355
PETE-SAMPRAS,0.0008718478555017008
MICHAEL-CHANG,0.002493217583780983
MALIVAI-WASHINGTON,7.8760426788813e-05
JENS-KNIPPSCHILD,0.0013339932200788142
GILBERT-SCHALLER,0.00015303756497513663
ARNAUD-BOETSCH,0.00010293851542634007
KARSTEN-BRAASCH,2.0799592258825938e-05
DENNIS-VAN-SCHEPPINGEN,0.0006432633345930956
RICHEY-RENEBERG,0.00011727062658537032
JAVIER-FRANA,6.154909193657655e-05
MICHAEL-JOYCE,6.720209431646474e-05
JAN-KROSLAK,0.0007870465055068951
FERNANDO-MELIGENI,0.0019206134966066074
FILIP-DEWULF,0.0004303789846386379
PETER-TRAMACCHI,5.390227039405737e-06
GUSTAVO-KUERTEN,0.0021782220750414015
JEAN-PHILIPPE-FLEURIAN,5.4599057728937555e-06
EYAL-RAN,0.0007067032079774172
KRIS-GOOSSENS,2.459305306835302e-07
BEN-ELLWOOD,4.269145806593643e-05
GEOFF-GRANT,3.8755497542460056e-05
BORIS-BECKER,0.0003080042865510375
LLEYTON-HEWITT,0.005493802217909949
TOBY-MITCHELL,0.0
FERNON-WIBIER,1.1804265297907572e-05
GUY-FORGET,2.737462321706043e-07
PAT-CASH,5.667765553100432e-06
ANDREI-CHESNOKOV,4.116019686450927e-06
ORLIN-STANOYTCHEV,0.0004099963640907779
ANDREI-PAVEL,0.006617263534679983
MARCOS-AURELIO-GORRIZ,1.2497602117377346e-05
SEBASTIEN-LAREAU,0.0012903566805145305
ANDREA-GAUDENZI,0.001251359789657015
ANDREI-OLHOVSKIY,6.218651090324726e-05
THIERRY-CHAMPION,2.7034774272081023e-05
LARS-JONSSON,7.5939255784177826e-06
JAYMON-CRABB,5.196402775994758e-06
JUSTIN-GIMELSTOB,0.0029524559112358998
DANIEL-NESTOR,0.0014643750807296337
OSCAR-BURRIEZA-LOPEZ,6.787534462221095e-05
ALEXANDER-REICHEL,3.9930139989705055e-05
BRYAN-SHELTON,1.0466558455256171e-05
JOHAN-VAN-HERCK,0.0005306062443152073
HENDRIK-DREEKMANN,0.00046699532206817085
JACCO-ELTINGH,3.204148671684583e-06
MARK-KNOWLES,5.991356139189682e-05
ALEXANDER-VOLKOV,8.165577516822668e-05
JEROME-GOLMARD,0.0034057518976620114
DOUG-FLACH,9.770894811872275e-05
GERARD-SOLVES,4.219439158721529e-05
OLEG-OGORODOV,0.0008161123517678671
KEVIN-ULLYETT,0.00036934898248524434
TOMAS-NYDAHL,6.489403678054652e-05
SHUZO-MATSUOKA,3.5418779904990624e-06
SATOSHI-IWABUCHI,0.00016257556620160918
FILIPPO-MESSORI,2.512111471646643e-07
JIA-PING-XIA,1.3263941746152664e-05
MAX-MIRNYI,0.0025270522159032585
BING-PAN,0.0
MARTIN-SINNER,0.001427985783841589
STEFANO-PESCOSOLIDO,5.190969314807301e-05
GASTON-ETLIS,0.0008814483530756817
RADOMIR-VASEK,4.634900673063152e-05
JOZSEF-KROCSKO,8.959074785135831e-07
IVAN-LJUBICIC,0.005610698218001354
SASA-HIRSZON,6.43018791216398e-07
FRANCISCO-MONTANA,0.0
RICHARD-KRAJICEK,0.0008298410985849132
HENDRIK-JAN-DAVIDS,1.2226324956185958e-07
YOUNES-EL-AYNAOUI,0.002860216542226005
JAMES-SEKULOV,1.0824073413459602e-05
DAVID-RIKL,1.6095825405970837e-06
FABRICE-SANTORO,0.005010588027468219
ARNAUD-CLEMENT,0.006941962187568472
CEDRIC-PIOLINE,0.0009974971249615057
FRANCISCO-ROIG,2.3262480410568587e-05
FRANCISCO-CLAVET,0.003078041656958812
OLIVIER-DELAITRE,0.00081837250260644
SEBASTIEN-GROSJEAN,0.003995262207378292
TODD-MARTIN,0.0011306759876620765
ANDRE-AGASSI,0.0017222135216757135
JIM-GRABB,8.32261608512275e-06
MASHISKA-WASHINGTON,4.8236939632055015e-06
STEVE-BRYAN,7.217229176145886e-06
ALEJANDRO-HERNANDEZ,0.0006826900091201212
BRIAN-MACPHIE,0.0009075828049701873
RYAN-WOLTERS,0.0
NICOLAS-LAPENTTI,0.007570388214394681
MARCELO-FILIPPINI,0.00025987487914723136
TOMMY-HO,1.0227203364584589e-05
DICK-NORMAN,0.001965903639609406
CHRISTOPHE-VAN-GARSSE,0.0006869173882717443
NICOLAS-KIEFER,0.004766456394102549
JASON-STOLTENBERG,0.0005703418702665097
MARK-PHILIPPOUSSIS,0.0028748580492281646
VINCENT-SPADEA,0.0065318368107939815
LUKE-JENSEN,0.0006628476035415375
JOHAN-HEDE,0.0
MARZIO-MARTELLI,6.930812251434151e-05
CRISTIANO-CARATTI,9.555606098619765e-05
DANIELE-MUSA,1.730268021916661e-07
OMAR-CAMPORESE,6.776999366660968e-06
LEONARDO-LAVALLE,1.443434780393204e-07
TOMMY-HAAS,0.008422727546024512
LARS-BURGSMULLER,0.003963776216631593
FREDERIK-FETTERLEIN,1.1071685892012408e-05
NUNO-MARQUES,0.000671604248115386
PATRIK-LANGVARDT,0.0
THOMAS-LARSEN,1.006483558058623e-06
EYAL-ERLICH,0.0006603272010965223
EMILIO-BENFELE-ALVAREZ,0.0009319236613444553
MARIANO-ZABALETA,0.003258563883910094
JULIAN-ALONSO,0.0010230841590235377
MARK-MERKLEIN,1.0649302193908189e-06
MARCELO-CHARPENTIER,1.892751761403271e-05
LUCAS-ARNOLD-KER,0.0003603279935049752
LARS-REHMANN,4.7603011633946165e-05
ANDREI-STOLIAROV,0.0003253155638750512
ALEXEI-BELOV,0.0
JOOST-WINNINK,6.604085481114012e-07
IGOR-TCHELYCHEV,0.0
GIANLUCA-POZZI,0.0006969179988379138
FRANCO-SQUILLARI,0.0013731851287712247
FERNANDO-VICENTE,0.0038749606921694305
MARCELLO-CRACA,7.376391111945991e-05
DAVID-SKOCH,0.0015710237726493648
ALBERTO-MARTIN,0.01032695404237881
BERNARDO-MOTA,8.28632533781437e-06
JUAN-ANTONIO-MARIN,0.0037395742691192454
MOUNIR-EL-AAREJ,2.7933829597132955e-05
LARBI-RHARNIT,0.0
MEHDI-TAHIRI,1.0505086190665072e-05
RAINER-SCHUETTLER,0.009749347507051531
MARCO-MENESCHINCHERI,1.1113317648928249e-05
SUSHEEL-NARLA,0.0
GOUICHI-MOTOMURA,0.000587072149313435
MAHESH-BHUPATHI,1.5343791396194883e-05
ROBERTO-JABALI,1.4086830078093182e-06
FREDERIC-FONTANG,8.382356997820684e-06
FRANCISCO-CABELLO,9.925254809496193e-06
JACOBO-DIAZ,0.0009819531203851058
BRUNO-FRAGOSO,0.0
ALEX-LOPEZ-MORON,3.621447769659827e-05
DANNY-SAPSFORD,1.5702280275896292e-05
CARSTEN-ARRIENS,1.194726381591591e-05
MELVIN-TONG,4.7441788004451794e-08
JOSHUA-EAGLE,2.1436014123556516e-07
HENRIK-HOLM,1.790665960621328e-06
CARL-CHANG,0.0
ALBERT-PORTAS,0.00567521877304704
GERMAN-LOPEZ,0.0006591957811470006
DONALD-JOHNSON,3.5805230758184373e-06
EMILIO-SANCHEZ,3.3651246863718847e-07
DAVID-SALVADOR-ESTEPA,0.0
ANDREW-RICHARDSON,2.960733070281428e-05
TAKAO-SUZUKI,0.0014641219970309468
HIDEKI-KANEKO,3.827637074596225e-06
DAVID-ADAMS,0.0
YASUFUMI-YAMAMOTO,7.127958583576095e-07
ROGER-SMITH,0.0
THOMAS-SHIMADA,1.7589775723403005e-06
ARNE-THOMS,0.0
DAVIDE-SANGUINETTI,0.0060763216504891825
ANDREI-MERINOV,1.306762281006539e-05
MARTIN-RODRIGUEZ,8.306359185882244e-05
WAYNE-BLACK,0.0004250994261574422
STEVE-CAMPBELL,0.0006699411590012439
JAIME-ONCINS,7.309349091681021e-06
SCOTT-HUMPHRIES,2.860267977451452e-06
JEROME-HANQUEZ,8.367673444665145e-08
GUILLERMO-CANAS,0.0032448072767874473
DANIEL-ELSNER,6.378653050391665e-05
MICHAL-TABARA,0.00039997126793705763
DAVID-WITT,4.049759705083918e-06
IVAN-BARON,0.0
RAMON-DELGADO,0.003556577341245859
DAVIDE-SCALA,7.963826670812851e-05
DIEGO-NARGISO,0.0007419973051739555
GABRIEL-SILBERSTEIN,4.362531284616477e-07
CLEMENS-TRIMMEL,6.111655006190675e-07
PATRICK-BAUR,2.3947974321733185e-06
WOLFGANG-SCHRANZ,8.836262775376487e-06
MARKUS-HIPFL,0.0007279922895934174
NICOLAS-ESCUDE,0.0007794009701672335
SALVADOR-NAVARRO,1.9244812333188418e-05
RODOLPHE-GILBERT,3.8805131757436056e-06
STEPHANE-HUET,0.0002884075109774985
MIGUEL-PASTURA,0.0
JOAQUIN-MUNOZ-HERNANDEZ,3.382254149805504e-06
FRANZ-STAUDER,8.252591179559008e-06
MARTIN-LEE,0.00025065909112438546
DAVID-NAINKIN,1.2388159342561255e-05
LUIS-HERRERA,1.079782084232822e-05
CHRIS-HAGGARD,2.1777244166149398e-05
MARK-PETCHEY,4.628449005049625e-06
CHRIS-WILKINSON,7.165834482161717e-05
VLADIMIR-VOLTCHKOV,0.0006333223083899354
JOHN-VAN-LOTTUM,0.000841314161875554
LUKE-MILLIGAN,5.366165715626731e-07
JAMIE-DELGADO,0.00021723117230151696
WADE-MCGUIRE,1.1131949220940189e-05
SERGI-DURAN,1.4990851428434649e-06
NICK-WEAL,0.0
MARCUS-SARSTRAND,0.0008715762135486184
NICKLAS-TIMFJORD,1.2566763637592912e-07
JAN-APELL,2.2697696119913325e-06
HENRIK-ANDERSSON,1.0488361442838677e-06
BERTRAND-MADSEN,0.0
IVO-HEUBERGER,0.0011877658401699609
DAVID-WHEATON,0.00011188948965078656
DAVID-DILUCIA,6.729047886639711e-06
MICHAEL-SHYJAN,0.0
MURPHY-JENSEN,8.449709236114804e-08
LUKE-SMITH,4.123771183160582e-06
MARCUS-HILPERT,0.0006591957811470006
OREN-MOTEVASSEL,1.7089473527700068e-06
REED-CORDISH,0.0
ALEX-KIM,0.0004243819018552153
STEFAN-KOUBEK,0.009362503834622352
GERALD-MANDL,1.4129663251102987e-06
DANIEL-ORSANIC,6.313142628788689e-08
SEBASTIAN-PRIETO,0.0007434080101679052
THOMAS-SCHIESSLING,5.334365232408358e-05
WERNER-ESCHAUER,0.0004988252642002259
GLENN-WEINER,7.5333062923886e-05
BOB-BRYAN,0.00024259109768465624
DAVID-CABALLERO,7.97096409502349e-08
EMANUEL-RASBERGER,0.0
ANDREI-RYBALKO,0.0
ZELJKO-KRAJAN,7.486387713378972e-05
GREGORY-CARRAZ,0.0005612602425176485
TOM-KEMPERS,0.0
LIBOR-NEMECEK,1.4592462452055684e-06
SEBASTIEN-LEBLANC,1.0489954846065465e-07
BOBBY-KOKAVEC,5.955612148468622e-07
PIER-GAUTHIER,0.0
FREDERIC-NIEMEYER,0.0010132926227592878
JOCELYN-ROBICHAUD,5.042202684388595e-08
LUIS-ADRIAN-MOREJON,4.5394988117953745e-06
ELIA-GROSSI,0.0
RAVIV-WEIDENFELD,1.6056259442617387e-07
MIKE-BRYAN,0.0007514754732289442
KENT-KINNEAR,0.0
NIR-WELGREEN,3.127432995181072e-07
PETER-WESSELS,0.0028887915744712027
ALBERT-CHANG,0.0
MICHAEL-SELL,0.0002346249057135931
TUOMAS-KETOLA,0.0001070346463396826
JIMY-SZYMANSKI,3.997900966593449e-07
RODOLFO-RAKE,0.0
LAURENCE-TIELEMAN,0.0006969954720957059
MILES-MACLAGAN,1.5175100956177839e-06
ION-MOLDOVAN,1.8873289601368518e-05
DIEGO-LOZANO,0.0
JULIEN-CHAUVIN,0.0
DAVID-SANCHEZ,0.0012472709404918608
SERGIO-GOMEZ-BARRIO,0.0
RUBEN-FERNANDEZ,0.0
VINCENZO-SANTOPADRE,0.0001772286167150764
DMITRI-TOMASHEVICH,4.6189761761422235e-07
ABDUL-HAMID-MAKHKAMOV,0.0
TOMAS-BEHREND,0.0004620109946460346
NICOLAS-THOMANN,0.000731048509806714
REGIS-LAVERGNE,0.0
LORENZO-MANTA,0.000695795660187191
MASSIMO-VALERI,7.730900187144434e-07
PARADORN-SRICHAPHAN,0.0016841981266322574
OLIVIER-MUTIS,0.00024509901610608075
PETR-LUXA,6.363730180231426e-05
PETR-KRALERT,1.1870669580361599e-06
RENE-HANAK,0.0
ANDRE-SA,0.007587436310195974
MARCO-OSORIO,0.0
MIGUEL-TOBON,1.1368019974816238e-06
MARIO-RINCON,1.713820889427159e-07
MAURICE-RUAH,1.2001541922361296e-05
EDUARDO-RINCON,0.0
MARAT-SAFIN,0.004578197130715828
MARIANO-PUERTA,0.001647615869287616
HERMES-GAMONAL,6.094758374395526e-05
NICOLAS-MASSU,0.00757466949722862
FREDRIK-JONSSON,8.333863202405822e-05
FREDRIK-BERGH,8.538403269531589e-08
DIRK-DIER,0.0
CHRISTIAN-VINCK,0.0003824296891829445
MARK-NIELSEN,3.739858257556245e-06
TEO-SUSNJAK,0.0
ANDREW-ILIE,0.0007819167139967058
ALLEN-BELOBRAJDIC,1.605473421878345e-05
ALEX-CALATRAVA,0.0020476208844962323
MARK-DRAPER,4.961740483177762e-07
JUREK-STASIAK,7.076375593017515e-05
ARNAUD-DI-PASQUALE,0.0008663536870784673
ALEKSANDAR-KITINOV,0.0
PIET-NORVAL,0.0
GEORGE-BASTL,0.011762578788018051
JEAN-FRANCOIS-BACHELOT,1.4308810093028458e-05
ARTEMI-TCHERNENKO,0.0
KIRILL-IVANOV-SMOLENSKY,7.931530952732696e-07
TJ-MIDDLETON,1.000498845076935e-07
XAVIER-MALISSE,0.006706244594678302
RAEMON-SLUITER,0.0018534579323203314
THOMAS-MESSMER,0.0
JONATHAN-PRINTZLAU,0.0
ATTILA-SAVOLT,0.0005184504652770189
CHARLES-AUFFRAY,3.558641621774969e-06
WESLEY-WHITEHOUSE,0.0006010465413648135
BJORN-PHAU,0.01048124311209434
JOSE-IMAZ-RUIZ,4.2013958616805895e-06
PETER-NYBORG,0.0
WAYNE-WONG,2.3174259294103962e-07
JUAN-LUIS-RASCON-LOPE,0.0
DIEGO-HIPPERDINGER,1.113845418542643e-06
FELICIANO-LOPEZ,0.0047260971277748075
KOTARO-MIYACHI,2.3808371739489414e-06
KENTARO-MASUDA,0.0
TETSUYA-CHAEN,2.2287113173492203e-07
KALLE-FLYGT,4.598512028987987e-06
MARCIO-CARLSSON,9.925174232282818e-06
LUIS-HORNA,0.0020004767684802436
JARED-PALMER,2.7538114197440907e-06
TAPIO-NURMINEN,0.0
RONALD-AGENOR,0.0007432848555656033
GIORGIO-GALIMBERTI,9.612092795038933e-05
DUSAN-VEMIC,0.005134205601337437
OSCAR-SERRANO,0.0006736525239555317
JULIEN-BOUTTER,0.000639413020676183
JORDI-MAS,4.86680639928042e-08
MOSE-NAVARRA,6.532797138659256e-06
JEAN-BAPTISTE-PERLANT,4.429562781108981e-06
EMANUEL-COUTO,3.145919592760733e-08
GABRIEL-TRIFU,8.439177882635315e-06
BARRY-COWAN,4.220019269752185e-05
DANIELE-BRACCIALI,0.0005789857907011263
ANDREAS-VINCIGUERRA,0.0013016111895877735
THIERRY-GUARDIOLA,1.055497584339054e-05
ROGER-FEDERER,0.0029456861550759402
JAMES-BLAKE,0.004925472679251967
STEVEN-RANDJELOVIC,1.2289400947705025e-07
MICHAEL-KOHLMANN,0.0027879794041074718
JIMMY-ARIAS,1.0245336088966537e-06
PAUL-HARSANYI,1.895885510812087e-06
PAUL-GOLDSTEIN,0.0017164119328162283
MAURICIO-HADAD,0.0006668869925491005
WAYNE-ARTHURS,0.0033456666546961243
ANDRES-SCHNEITER,2.1157718983789976e-05
BORIS-BACHERT,0.0
TAYLOR-DENT,0.0029026243353814625
BORUT-URH,1.612391035937064e-05
STEFANO-COBOLLI,0.0006592494988892622
TOMAS-CATAR,0.0
MARTIN-VERKERK,0.0005619089440128573
MICHAEL-RUSSELL,0.007409709213090769
MARIANO-HOOD,4.5204342249200303e-05
PIETRO-ANGELINI,0.0
HAREL-LEVY,0.0046988527084187055
LIOR-MOR,0.0
NOAM-BEHR,2.3816061069135595e-05
YONG-IL-YOON,2.5404179271892933e-05
ANDREW-PARK,0.0
NICK-GOULD,0.0
FEDERICO-BROWNE,3.878059878095396e-05
TOMAS-ZIB,0.002536220392962553
NIKOS-ROVAS,0.0
FABIO-MAGGI,0.0
ROGIER-WASSEN,0.0006000053647052364
VADIM-KUTSENKO,1.2319935704457811e-05
TIMUR-GANIEV,0.0
MARKUS-HANTSCHK,0.00019217072239009156
LIONEL-BARTHEZ,0.0
AXEL-PRETZSCH,6.294154311504447e-05
FEDERICO-LUZZI,0.0014278928816353021
YU-ZHANG,3.8252177640011885e-08
YU-ZHENG,0.0
RADEK-STEPANEK,0.007590824808030356
JUAN-BALCELLS,0.0001729653494642289
RICARDO-SCHLACHTER,0.0
EDUARDO-MEDICA,9.924522997237542e-06
EDWIN-KEMPES,0.00012388160515298802
JUSTIN-BOWER,4.806805120081023e-07
JOSEPH-SIRIANNI,0.0017059367927880285
CYRIL-SAULNIER,0.0012155882695679679
IGOR-KORNIENKO,1.2768603341359101e-06
SERGEI-PETROUCHEVSKY,0.0
IGOR-KUNITSYN,0.005047896076058667
MICHAEL-HILL,6.16313907369189e-07
KRISTIAN-PLESS,0.0017440625444397019
JOHAN-LANDSBERG,1.936849569266678e-06
JAN-FRODE-ANDERSEN,3.936529764123454e-06
JUAN-CARLOS-FERRERO,0.002927417025243746
GASTON-GAUDIO,0.004201642015967967
TALAL-OUAHABI,5.875481154123421e-06
ANDY-ZINGMAN,0.0
OTA-FUKAREK,1.2432243371527093e-05
PEDRO-LEAO,0.0
TOMMY-ROBREDO,0.004768180030168074
GERMAN-PUENTES,0.00010187892358739844
FRANCISCO-COSTA,2.3369898088551654e-06
RODOLPHE-CADART,1.224804721923055e-05
OLIVIER-MALCOR,1.5214288502644886e-07
IRAKLI-LABADZE,0.0026371221517003177
EDUARDO-NICOLAS,6.065386576957883e-07
ANTONY-DUPUIS,0.001967964399187967
RADOVAN-SVETLIK,0.0
DAVID-MIKETA,1.358212362434232e-06
VILLE-LIUKKO,0.0006611242845112129
CHRISTOPHE-ROCHUS,0.004956008963671622
AGUSTIN-CALLERI,0.003339131960161383
HECTOR-MORETTI,6.735857280368496e-08
JEAN-RENE-LISNARD,0.0031410199283798367
DIEGO-MOYANO,3.4187794929606116e-07
ARVIND-PARMAR,9.298095854149289e-05
MARTIN-SPOTTL,4.010911454820917e-06
FLORIAN-ALLGAUER,0.0
MARKUS-MENZLER,0.0
NENAD-ZIMONJIC,0.00318240870753772
TOM-SPINKS,0.0
JOHAN-ORTEGREN,2.9557091339310087e-07
CEDRIC-KAUFFMANN,4.457620207744241e-08
THOMAS-BLAKE,2.0692909412114888e-06
JUAN-IGNACIO-CHELA,0.005612188182973486
ERIC-TAINO,0.0008967918476396643
PHILLIP-KING,0.005034401839791305
LOVRO-ZOVKO,0.002974165505513391
IVAN-BEROS,0.0
SIMON-LAROSE,7.626590308792443e-06
PHILIP-GUBENCO,0.0
JAN-BORUSZEWSKI,2.0661833510198205e-08
IGOR-GAUDI,7.36647744335111e-08
JEFF-MORRISON,0.00029115083188888244
NOAM-OKUN,0.0033654009178368293
FERNANDO-GONZALEZ,0.0024969113733966427
PATRICK-OSUNA,0.0
SOLON-PEPPAS,6.697096767560606e-07
JIM-THOMAS,0.0009269719612276919
KEVIN-KIM,0.004906706698709796
HYUNG-TAIK-LEE,0.001559330373905885
ALEXANDER-SHVEC,2.9684046138739114e-07
ALEXANDER-POPP,0.0007564364242954884
YU-JR-WANG,0.0006856827890829954
BEN-QIANG-ZHU,2.2068973862238653e-06
JURGEN-MELZER,0.0061401028161744056
OLIVER-MARACH,0.00859445658072799
ARTEM-DEREPASKO,1.7113993794132293e-08
MIKHAIL-YOUZHNY,0.005537786725433266
ROBERT-LINDSTEDT,3.417681025840033e-06
DEJAN-PETROVIC,1.3712438439538192e-06
PAUL-BACCANELLO,1.4778354888764394e-05
JIRI-VANEK,0.00522081715825977
ANDY-RAM,6.726269504178755e-06
SUNIL-KUMAR,0.0
PAUL-KILDERRY,1.200635650737637e-07
YAOKI-ISHII,6.846705160716973e-07
MICHAEL-LLODRA,0.0028786700995193453
MICHEL-KRATOCHVIL,0.0012990197007908466
ANDY-RODDICK,0.0023255301235533144
ADRIAN-GARCIA,0.0004011944321218119
PABLO-GONZALEZ,0.0
JAIME-CORTES,0.0
MARDY-FISH,0.003621449889535313
DAVID-NALBANDIAN,0.002559871823395916
LEVAR-HARPER-GRIFFITH,8.054123096655084e-07
REGINALD-WILLEMS,0.0
NICOLAS-COUTELOT,8.584960726237787e-05
GUILLERMO-CORIA,0.001547604663751252
MARTIN-GARCIA,4.9179480184076e-07
ANDY-FAHLKE,0.0
HUGO-ARMANDO,0.002624035529203122
JUAN-GINER,1.4987540128257034e-06
NICOLAS-MAHUT,0.006903893600674667
ERIC-PRODON,0.0005235651217542295
ALEX-WITT,0.0
OLIVIER-ROCHUS,0.005396003093860208
JOACHIM-JOHANSSON,0.0005675274413564751
TIMO-FLEISCHFRESSER,0.0
NIKOLAY-DAVYDENKO,0.004367453437189314
SERGIO-ROITMAN,0.00028731597933995945
KIM-TIILIKAINEN,7.703516108576533e-08
JAN-HERNYCH,0.011433621477605729
IVAN-VAJDA,0.0
DENNIS-PESCHEK,0.0
PAUL-HENRI-MATHIEU,0.009846668667524747
ANDREAS-FASCHING,0.0
KRISTIAN-CAPALIK,2.7535019339031354e-06
ALEXANDRE-SIMONI,0.00018344516071575805
JAKUB-HERM-ZAHLAVA,1.9246921496838993e-07
JONATHAN-ERLICH,2.2928861490415017e-05
CHRISTOPHE-POGNON,0.0
DIEGO-CAMACHO,0.0
STEFANO-TARALLO,9.756941308384126e-08
LEOS-FRIEDL,0.00028607935480888665
MICHIHISA-ONODA,1.9855450820673117e-06
JOJI-MIYAO,5.286372877886316e-06
ZBYNEK-MLYNARIK,0.0
DENIS-GOLOVANOV,1.088202735357887e-06
LEE-CHILDS,0.00018950852590909225
OLIVER-FREELOVE,0.0
JONAS-FROBERG,2.5023191994257755e-08
JARKKO-NIEMINEN,0.005716803111906873
ALUN-JONES,9.942718492162873e-05
FAZALUDDIN-SYED,0.0
YURI-SCHUKIN,0.005540413251870817
MATTHEW-BREEN,0.0
TODD-PERRY,1.0121434160391302e-05
LADISLAV-SVARC,5.193234207653061e-05
IGNACIO-HIRIGOYEN,4.835570915689007e-07
JOHAN-SETTERGREN,1.3951751878628626e-06
HELGE-KOLL,0.0
PATRICIO-ARQUEZ,0.0
JOSE-ACASUSO,0.0017908325898565532
DMITRY-TURSUNOV,0.004899642901777855
OMAR--ALAWADHI,0.0006748884839779427
FLAVIO-SARETTA,0.0010572940681385853
ROBBY-GINEPRI,0.007142475097386581
CHEMSEDDINE-BELAL,6.449013796624961e-06
JAN-VACEK,0.0017940388740110872
ALBERT-MONTANES,0.0055870150657531
TIAGO-SOUSA,0.0
FRANTISEK-CERMAK,0.006940137184886551
DANIEL-MELO,4.455843180216174e-06
FILIPPO-VOLANDRI,0.007569271818416754
IVAYLO-TRAYKOV,1.099870485621357e-06
STEFANO-GALVANI,0.0018535835936799902
GILLES-ELSENEER,0.001051958840353617
YVES-ALLEGRO,0.0020862748067554163
JULIAN-KNOWLE,0.0009901107564758006
MARK-HILTON,1.0685385453329028e-06
DMITRY-VLASOV,4.499228587980853e-05
MARIO-RADIC,4.28497031289132e-06
MARC-LOPEZ,0.0016940144713951995
MARKO-TKALEC,0.000771359222386668
IZTOK-BOZIC,0.0
ALEXANDER-PEYA,0.005338892734845113
CARLOS-CUADRADO,5.6360026430585176e-06
KRYSTIAN-PFEIFFER,0.0
ZACK-FLEISHMAN,0.0010419810903445454
JACK-BRASINGTON,2.3657948585335457e-06
SEBASTIEN-DE-CHAUNAC,0.0037927406320535026
ALEX-BOGOMOLOV-JR,0.008313539077613707
RUBEN-RAMIREZ-HIDALGO,0.010565003250675623
RICARDO-MELLO,0.007647533695084417
THIAGO-ALVES,0.0013383199097444674
IVO-KARLOVIC,0.005321142178492205
TAKAHIRO-TERACHI,0.0007008236622153053
SHAN-JIANG,0.0
ROBBIE-KOENIG,0.0
JOHN-HUI,0.0
JAVIER-GARCIA-SINTES,0.0
DANAI-UDOMCHOKE,0.004185910607085523
HIROKI-KONDO,0.00010324567213646445
RADIM-ZITKO,6.136714389264797e-08
JULIEN-BENNETEAU,0.0020848566960520953
MIKHAIL-ELGIN,0.004783687003260336
ROBIN-SODERLING,0.000699547034024731
THOMAS-DUPRE,0.0
NASSER-GHANIM-AL-KHULAIFI,0.0
DANIEL-WILLMAN,0.0
TODD-REID,4.267161862282331e-05
OLIVIER-PATIENCE,0.004131617175623893
DENIS-GREMELMAYR,0.003108727517059516
MARC-GICQUEL,0.004567171903905972
THIERRY-ASCIONE,0.0025962358855713026
JULIO-SILVA,0.0012311684604017481
MARCOS-DANIEL,0.000526080939744793
GUILLERMO-HORMAZABAL,7.273127996573711e-05
LEONARDO-OLGUIN,0.0
EDGARDO-MASSA,5.706772329241601e-05
VASILIS-MAZARAKIS,2.4923532823778624e-05
MARIO-ANCIC,0.002037253038189248
DAVID-FERRER,0.002946142568185044
NUNO-MATIAS,0.0
FERNANDO-VERDASCO,0.005063312881160531
RICHARD-GASQUET,0.0038548420078731876
DIDAC-PEREZ,3.050360084871726e-06
RAFAEL-NADAL,0.001904031055346298
MARIANO-ALBERT-FERRANDO,0.0
PHILIPP-KOHLSCHREIBER,0.0026883787929838183
JOHANNES-AGER,7.922578882173176e-07
AMIR-HADAD,1.7413975338260687e-06
IVAN-MIRANDA,4.4805880979959924e-05
MARTIN-VASSALLO-ARGUELLO,0.0007431761422131314
JULIEN-VARLET,6.331197786640115e-06
ALEX-BOGDANOVIC,0.0028061296404932193
WESLEY-MOODIE,0.003108622113311625
JEFF-COETZEE,0.0006635737968450478
GILLES-MULLER,0.0034987557471708665
KAROL-BECK,0.002519917559426825
ALEXANDER-WASKE,0.0018662016463203302
JUAN-PABLO-GUZMAN,0.0010625031911600223
ALAN-MACKIN,4.090824109875088e-05
KONSTANTINOS-ECONOMIDIS,0.0009188235751006371
BRIAN-VAHALY,0.00030442806866937686
GORKA-FRAILE,0.0008756236347617573
FILIP-PRPIC,0.0031159532647661685
VICTOR-HANESCU,0.008173848369332113
NICOLAS-TODERO,9.997622530794832e-06
ADAM-KENNEDY,2.2391647497269143e-07
BARTLOMIEJ-DABROWSKI,5.279587094957273e-08
RADOSLAW-NIJAKI,0.0
FRANK-DANCEVIC,0.004670916799561509
EMIN-AGAEV,0.0
BRIAN-BAKER,0.00042102329191167866
RAJEEV-RAM,0.016099499654528036
TREVOR-SPRACKLIN,0.0
PAUL-HANLEY,8.924547349365953e-06
MATIAS-BOEKER,6.3942579464760855e-06
RADOSLAV-LUKAEV,0.0
BJORN-REHNQUIST,0.0015701176092743974
SLIMANE-SAOUDI,2.0685513144583258e-05
PRAKASH-AMRITRAJ,0.00233081540277883
MAXIMILIAN-ABEL,4.083290337598476e-05
DOUG-BOHABOY,0.0
KRISTOF-VLIEGEN,0.0017765903007774739
FLORENT-SERRA,0.005999307316423502
ROHAN-BOPANNA,0.004025992566578724
ROBERT-KENDRICK,0.004119192793032757
SIMON-REA,7.096818964647566e-08
RAPHAEL-DUREK,2.181153898043425e-05
PETER-LUCZAK,0.0038049370617518298
RYAN-HENRY,0.0
JULIO-PERALTA,0.000844026184700828
MIGUEL-GALLARDO-VALLES,2.017810260705263e-06
FREDERIK-NIELSEN,0.0033636777558148975
MASSIMO-DELLACQUA,0.00019088107787324166
RASMUS-NORBY,0.0
GIOVANNI-LAPENTTI,0.0037245318017833985
JAY-GOODING,0.0
OSCAR-HERNANDEZ,0.0026542311608274555
HELDER-LOPES,0.0
DIOGO-ROCHA,2.3827040795886174e-05
GUILLERMO-GARCIA-LOPEZ,0.004155472530505243
JAN-WEINZIERL,0.0
MARIANO-DELFINO,0.0
CHRISTOPHER-KODERISCH,0.0
JEAN-CLAUDE-SCHERRER,0.0014659320672324465
RIK-DE-VOEST,0.010456865218302887
JONATHAN-MARRAY,0.0009179017332425408
PAUL-LOGTENS,3.248356725956784e-08
PHILIPP-PETZSCHNER,0.006114829860176469
FRANK-MOSER,0.0029848979121782733
FRED-HEMMES,3.6181113079743166e-07
MICHAL-MERTINAK,0.00476274101209507
RICHARD-BLOOMFIELD,0.0008544032712366437
STAN-WAWRINKA,0.0011841890692824693
MICHAEL-LAMMER,0.0027012921015585637
CHRIS-GUCCIONE,0.005223847309442423
DUSTIN-BROWN,0.008215680139429398
JAROSLAV-LEVINSKY,4.508179667832775e-05
POTITO-STARACE,0.004302198279481794
SIMON-GREUL,0.0016698248750148005
AMER-DELIC,0.0024843245264835256
JANKO-TIPSAREVIC,0.0017051503486220638
BOBBY-REYNOLDS,0.004308691634643066
IGOR-LEVINE,0.0
MATTHEW-BEHRMANN,0.0
DIEGO-AYALA,0.0
FLORIN-MERGEA,0.00012455919408112205
DANIEL-KOELLERER,0.0011862943288338005
INGO-NEUMULLER,0.0
ROBIN-VIK,0.0006768252920509029
ANDREAS-SEPPI,0.0015632819067631068
SASA-TUKSAR,2.7166735421028586e-05
ROKO-KARANUSIC,0.0022528052186430786
ROBERT-YIM,8.188462573545826e-05
MARIUSZ-FYRSTENBERG,0.00019867261725867432
MARCIN-MATKOWSKI,7.9633413854923e-06
FILIP-URBAN,1.4470505499293283e-06
ANDREW-CARLSON,0.0
TOMAS-BERDYCH,0.0019228798012249954
IGOR-ANDREEV,0.004492487849496496
GABRIEL-MORARU,0.0006646879012532796
FRANCO-FERREIRO,0.0002020060125133026
MICHAEL-QUINTERO,0.0014467286323730064
PAUL-CAPDEVILLE,0.007009090305344851
MARCO-CHIUDINELLI,0.008943906155611194
SONCHAT-RATIWATANA,0.0001356141011061715
DIEGO-VERONELLI,1.6328993420089891e-06
NICOLAS-ALMAGRO,0.003145738774077681
TOMAS-TENCONI,4.621452127862003e-06
FRANCESCO-ALDI,0.00032761838572675594
ALESSIO-DI-MAURO,0.0015635326145725145
SHAO-XUAN-ZENG,4.569666345165915e-05
PAVEL-SNOBEL,0.0008342705608798958
TASUKU-IWAMI,0.0006855114789022487
VADIM-DAVLETSHIN,1.2671542212010287e-07
HARSH-MANKAD,5.920507630333084e-07
KARAN-RASTOGI,0.00013913141995295318
FLORIAN-MAYER,0.0021146621037339136
STEPHANE-BOHLI,0.0022347264883260404
KJ-HIPPENSTEEL,6.0718083669487554e-05
JUAN-MONACO,0.003282475842985288
TOMAS-CAKL,0.0002487923531573415
PEDRO-BRAGA,0.0
MOHAMMAD-GHAREEB,0.00011939292282686152
TRIPP-PHILLIPS,0.0
GUSTAVO-MARCACCIO,0.0004126128250722215
BRENDAN-EVANS,0.00370501776893334
LEONARDO-TAVARES,0.0006806147502184514
STEPHANE-ROBERT,0.00391774185298305
WAYNE-ODESNIK,0.005191144008206696
JEAN-CHRISTOPHE-FAUREL,0.00040609748656511135
ISRAEL-MATOS-GIL,4.0520476543060015e-08
GUILLEM-BURNIOL,1.0179044816167773e-06
NICOLAS-DEVILDER,0.00340289452960092
UROS-VICO,0.000125623537656926
BORIS-PASHANSKI,0.0036718539402711206
DIETER-KINDLMANN,0.0013516366971745239
SANTIAGO-VENTURA,0.0026830598495995125
SIMONE-VAGNOZZI,0.0031073431590172614
MEHDI-ZIADI,1.3047526396097746e-05
ANDREA-STOPPINI,0.0005580900338486239
JULIEN-JEANPIERRE,0.0007333738203549674
ALEJANDRO-FALLA,0.0085753347513122
JEROME-HAEHNEL,0.00041643681566017304
MICHAEL-BERRER,0.011567484187171838
IAN-FLANAGAN,1.4174411431379092e-05
YEN-HSUN-LU,0.0057042177979107515
AISAM-UL-HAQ-QURESHI,0.003650043460368957
SEBASTIAN-FITZ,0.0
JIMMY-WANG,0.004406711236010793
IVAN-NAVARRO,0.006860379384512711
MATHIAS-HELLSTROM,0.0
ERVIN-ELESKOVIC,0.0007538045616790893
TEYMURAZ-GABASHVILI,0.009367663380761448
MELLE-VAN-GEMERDEN,3.0690919030698744e-05
MICHAL-PRZYSIEZNY,0.01575095885549369
NICK-VAN-DER-MEER,2.528699170057748e-05
LESTER-COOK,6.0871206251037313e-05
ANDREAS-BECK,0.002816612233658988
SEBASTIAN-RIESCHICK,8.062216506858664e-05
EDOUARD-ROGER-VASSELIN,0.007482497977321641
ALEX-KUZNETSOV,0.00696460070283834
IVO-MINAR,0.004699256779778107
DANIEL-GIMENO-TRAVER,0.007809712754024689
NOVAK-DJOKOVIC,0.0011221301434500663
LUKASZ-KUBOT,0.009562180086009465
MARCOS-BAGHDATIS,0.002381461643595132
LAMINE-OUAHAB,0.0021125302427551737
DANIEL-YOO,1.8614667638686183e-05
SCOVILLE-JENKINS,0.0006824519866700611
HAO-LU,6.810579818788065e-06
JO-WILFRIED-TSONGA,0.0016508916739705957
NATHAN-HEALEY,0.0005354454601762725
VICTOR-IONITA,0.00032195380289422727
ANDRES-PEDROSO,0.0
ADRIAN-BOHANE,0.0
TODD-WIDOM,0.00037293884447713667
IVO-KLEC,0.004793750441971437
GAEL-MONFILS,0.0018296588317436308
GILLES-SIMON,0.0030764593253400636
SERGIY-STAKHOVSKY,0.011966053845420458
KONSTANTIN-DON-GRUBER,0.0
MICHAEL-RYDERSTEDT,0.0005394714374236207
MARC-KIMMICH,5.54684457669038e-08
MOHAMMED-ABDULLA,0.0
GD-JONES,3.587173701245912e-05
LUKE-BOURGEOIS,8.527926736918733e-08
PENG-SUN,1.3392878219578099e-05
ERIC-NUNEZ,1.2041233715218848e-05
FELIPE-PARADA,2.9637432836390645e-08
PHILLIP-HARBOE,0.0
DONALD-YOUNG,0.009581968631032597
ZACH-DAILEY,0.0
HORIA-TECAU,5.900506501577934e-05
FRANCISCO-FOGUES,1.8365296763087993e-07
ANDY-MURRAY,0.0012515983626231527
RUI-MACHADO,0.001516119095799246
FRANK-CONDOR,0.0
TOBIAS-SUMMERER,7.335340269127765e-05
MARCO-MIRNEGG,0.0
LUKAS-DLOUHY,0.0035378373287376385
DUDI-SELA,0.0015641650727210275
JUAN-PABLO-BRZEZICKI,0.00432981052013277
JOSH-GOODALL,0.000643606951193893
TRAVIS-RETTENMAIER,0.00031596162446768803
LARS-UEBEL,0.0
TOBIAS-KLEIN,5.357259487688353e-06
DAVID-SHERWOOD,0.0
JAROSLAV-POSPISIL,0.0008906710775252224
SCOTT-OUDSEMA,0.0006673018953021914
BRIAN-WILSON,0.001370791480950987
STEVEN-KORTELING,0.0
JESSE-WITTEN,0.0018749082980476152
CARLOS-BERLOCQ,0.003474702770722252
ALJOSCHA-THRON,1.1614915145899069e-07
ILIJA-BOZOLJAC,0.005271169799755896
MARIN-CILIC,0.0033251693177354757
ADAM-CHADAJ,0.0006689317432580953
PHILLIP-SIMMONDS,0.0016953575520934805
ROBERT-SMEETS,0.0005157724401621247
ALEX-CLAYTON,2.9531680949895227e-07
ROB-STECKLEY,0.0
PHILIP-BESTER,0.00031487744265514136
TOSHIHIDE-MATSUI,0.000792718503534229
LUKA-GREGORC,0.0032827390786863723
VICTOR-CRIVOI,0.005194841323112958
TI-CHEN,0.002412864965914288
JOHN-PAUL-FRUTTERO,1.8416121425687865e-05
GO-SOEDA,0.009141266155050442
MINH-QUAN-DO,0.0
JOSE-ANTONIO-SANCHEZ-DE-LUNA,2.1466266749734112e-05
FABIO-FOGNINI,0.004410201551979692
GIANLUCA-NASO,0.004233576728008773
TAKAHIRO-ITTOGI,0.0
EVGENY-KIRILLOV,0.0004547731576298548
MIKHAIL-LEDOVSKIKH,0.006395121756109386
RAINER-EITZINGER,0.0003718284095342712
RAMEEZ-JUNAID,0.0009111358247674209
PAOLO-LORENZI,0.0030712162440538777
VISHAL-UPPAL,0.0
DANIEL-KING-TURNER,0.0007171655504930121
DENIS-ISTOMIN,0.00409646358261699
JACOB-ADAKTUSSON,0.00037424619581234085
JUAN-MARTIN-DEL-POTRO,0.0010405579542510188
JORGE-AGUILAR,0.00026462675819003117
EVGENY-KOROLEV,0.007919969327052861
ALEXANDRE-SIDORENKO,0.0036427030151319844
SAM-WARBURG,0.0009245501638994517
SAM-QUERREY,0.001357675063374236
DOMINIK-MEFFERT,0.0020003515020113978
ANTAL-VAN-DER-DUIM,7.133892037688166e-06
ANDRE-GHEM,0.0017238385464158604
SANTIAGO-GONZALEZ,0.0028741733957135082
BENJAMIN-BALLERET,0.0009326081189018029
BARTOLOME-SALVA-VIDAL,8.664100256771835e-06
MARCEL-GRANOLLERS,0.006622272360549483
TOMISLAV-PERIC,6.200114073034855e-06
FRED-GIL,0.005083468751143288
JEREMY-CHARDY,0.003435300881939549
GASTAO-ELIAS,0.0041445336914614755
LEONARDO-AZZARO,1.4915574577927702e-05
DAVID-LUQUE-VELASCO,0.0
SIMONE-BOLELLI,0.008231922974496259
TORSTEN-POPP,0.0
MATHIEU-MONTCOURT,0.0003608858005456841
DIEGO-HARTFIELD,0.0005205132880209266
BENJAMIN-BECKER,0.005186559920626995
JAMIE-BAKER,0.002194346864953398
MISCHA-ZVEREV,0.0158375220486386
ROBIN-HAASE,0.006917885952886031
SIMON-STADLER,0.007231434465807613
BENEDIKT-DORSCH,0.0014655360852999853
ROBIN-ROSHARDT,8.122898383316616e-06
ROMAN-VOGELI,0.0006095362012279419
JESSE-LEVINE,0.003683364903029332
THIEMO-DE-BAKKER,0.006655045917339071
IGOR-SIJSLING,0.0030586954034010766
STEVE-DARCIS,0.0059575889359919625
DIEGO-JUNQUEIRA,0.002127028190995052
ANDREAS-HAIDER-MAURER,0.002735477079084245
DAMIAN-PATRIARCA,0.0
ARMIN-SANDBICHLER,6.39747068006137e-06
MICHAEL-YANI,0.003224723165307366
STEFANO-IANNI,2.722098892947863e-05
LUKA-BELIC,7.20778727054936e-06
FLAVIO-CIPOLLA,0.008101787604110981
GRZEGORZ-PANFIL,0.0006875971538242344
RYAN-SWEETING,0.003466340265179984
SOMDEV-DEVVARMAN,0.005565751153508541
MICHAEL-VENUS,0.0027992735273807113
PETER-POLANSKY,0.006261879867341392
JAN-HAJEK,0.0026675981400840114
XIN-YUAN-YU,3.154792235671353e-07
JUAN-MARTIN-ARANGUREN,0.0008298829179338346
ALEXANDR-DOLGOPOLOV,0.004030891083969538
JAMES-AUCKLAND,0.0019306842485225613
AKASH-WAGH,0.00011245291488905903
JASPER-SMIT,3.124722981121876e-06
TOBIAS-CLEMENS,2.8782432358045894e-05
VIKTOR-TROICKI,0.006615778570714357
KONSTANTIN-KRAVCHUK,0.00739108445143067
MARTIN-FISCHER,0.006881908676518556
JULIAN-REISTER,0.0037953569827525783
JULIEN-MATHIEU,6.433585289546375e-05
ERNESTS-GULBIS,0.002364536048449197
SANTIAGO-GIRALDO,0.005225770204962022
PAVEL-IVANOV,0.00016934028694978647
WOONG-SUN-JUN,0.00403296028696283
RAVISHANKAR-PATHANJALI,0.0
ASHUTOSH-SINGH,9.64274689609358e-07
VISHAL-PUNNA,1.1590358008720294e-06
PABLO-ANDUJAR,0.004720899208087564
STEPHEN-AMRITRAJ,3.8113751055009627e-05
NSRIRAM-BALAJI,0.0013419745507049054
GUILLERMO-ALCAIDE,0.0006877911313369155
SERGEI-BUBKA,0.004079031653586898
JAMIE-MURRAY,3.127407550357336e-05
MUSAAD-AL-JAZZAF,3.7944390012311324e-06
DANIEL-MUNOZ-DE-LA-NAVA,0.005663972621516052
KARIM-MAAMOUN,4.7610405019023485e-06
ABDULLA-HAJJI,2.0331747748758e-05
ANDREY-GOLUBEV,0.012261257177236796
DMITRI-SITAK,0.000652377033389273
LUKAS-ROSOL,0.003933034840671706
JOSE-STATHAM,0.00025983629539576996
LAURENT-RECOUDERC,0.0026692083667093462
KYU-TAE-IM,0.0008096827613300479
MATT-SIMPSON,6.61086204461022e-07
ADAM-THOMPSON,5.6632601702125e-06
MARTIN-COLENBRANDER,3.7916562383820118e-06
MIKAL-STATHAM,1.3593471737732629e-05
WILLIAM-WARD,1.023184488564314e-05
AUSTEN-CHILDS,0.0
BRYDAN-KLEIN,0.001326567036149199
LUKAS-LACKO,0.0036477035756967177
DAVID-GUEZ,0.0027455999896552254
NICOLAS-TOURTE,2.883300497760956e-05
LEONARDO-MAYER,0.002632927511856143
MATTHEW-EBDEN,0.008445162038464966
NICHOLAS-MONROE,0.0016847937693280721
MARC-FORNELL-MESTRES,0.00016613990477068366
ALEXANDER-SATSCHKO,0.00012540186464361143
ANDREW-COELHO,3.478503199516371e-05
PABLO-SANTOS,1.157649502605883e-05
GREG-JONES,0.001811131348705331
ADRIAN-UNGUR,0.006417800384699513
ADAM-FEENEY,6.950799059446805e-05
ROGERIO-DUTRA-SILVA,0.0038214802743555126
PAVOL-CERVENAK,0.0014319741037508661
NICK-LINDAHL,0.002017268154978199
COLIN-EBELTHITE,0.0004777376548583645
JAN-MERTL,0.0015143449018394752
JOSHUA-CROWE,0.0
YOHNY-ROMERO,0.0
TEODOR-DACIAN-CRACIUN,0.0010004617513014913
JEAN-JULIEN-ROJER,0.000765070965996155
OLIVIER-SAJOUS,0.0007335295865943069
ROMAN-BORVANOV,0.000317273445171665
LADISLAV-CHRAMOSTA,1.2083466185282837e-06
PETAR-JELENIC,4.012965195108555e-06
FARRUKH-DUSTOV,0.00453833892568789
GREGA-ZEMLJA,0.004307981650733888
IVAN-DODIG,0.005213469179737033
ANTONIO-VEIC,0.006694685289240486
FRANKO-SKUGOR,0.004623294462048497
JESSE-HUTA-GALUNG,0.002969347521092408
JONATHAN-EYSSERIC,0.0011426211828288843
THOMAS-OGER,1.6060291398407098e-05
OREST-TERESHCHUK,2.9947261066220296e-07
ILLYA-MARCHENKO,0.008976547062295436
ANDIS-JUSKA,9.761060488052792e-05
CHRIS-WETTENGEL,0.0009740107074140514
DAVID-MARTIN,0.0016821690137768463
MICHAEL-MCCLUNE,0.00223894210837368
TRAVIS-PARROTT,0.00017875083555650054
DARRIN-COHEN,0.0006591957811470006
CHRISTOPH-PALMANSHOFER,0.0006591957811470006
BRAD-WESTON,1.910495487337291e-05
JASON-ZIMMERMANN,0.0006591957811470006
TYLER-HOCHWALT,1.5261986694994557e-05
SCOTT-LIPSKY,0.004534379691150653
JEFF-GAST,4.282774863797897e-06
GEOFF-GEHRKE,0.0
RICK-KEPLER,0.0
PABLO-PIRES-DE-ALMEIDA,0.0
CONOR-NILAND,0.000907394078754338
BRANDON-COUPE,0.0
JORDAN-KEPLER,0.0
TIN-DONG,0.0
DENNY-FAFEK,6.888492123009088e-06
DEJAN-DJOKIC,0.0
EDUARDO-SCHWANK,0.003075977552262987
DANIEL-DUTRA-DA-SILVA,4.0207877745573324e-05
CRISTIAN-VILLAGRAN,0.0006786648539328533
RICARDO-HOCEVAR,0.0017766006448721565
NICOLAS-SANTOS,0.0
HELIO-SILEMAN,0.0
TIAGO-LOPES,3.5518256833377198e-06
CAIO-ZAMPIERI,0.0015860967816284876
MARCELO-MICHELUCCI,4.904588234636689e-07
JOAO-SOUZA,0.006500234030905072
FERNANDO-ROMBOLI,4.6064484991866286e-05
MARCELO-MELO,0.0007447409262521661
PIER-MARCO-PIERACCIANI,0.0
GUIDO-PELLA,0.002877676502347766
HORACIO-ZEBALLOS,0.005776354006109437
LESLEY-JOSEPH,0.0
BRUNO-ECHAGARAY,3.477779619930592e-05
ANTONIO-RUIZ-ROSALES,2.258842202852367e-06
EDUARDO-PERALTA-TELLO,2.7912063525024297e-07
JOHNNY-HAMUI,0.0
AHMAD-RABEEA,0.0
HAMAD-ABBAS-ISMAIL,0.0
KARIM-ALAYLI,0.0006607630373854008
JONATHAN-SCHNEIDER,0.0
TYLER-CLEVELAND,2.0870125924108416e-07
ALEX-BARTLETT,4.933167921717172e-07
PAVEL-CHEKHOV,0.0007067369404783482
PETRU-ALEXANDRU-LUNCANU,0.0010952259207305684
BRUNO-ROSA,6.453964911664863e-05
LARS-POERSCHKE,1.2127168617341885e-05
JASON-MARSHALL,4.100697152550156e-06
NIKITA-KRYVONOS,6.313856809858282e-05
KEI-NISHIKORI,0.005762958371949268
FRITZ-WOLMARANS,0.00046820096957498307
EVGHENII-CORDUNEANU,3.3276158104111224e-06
THERON-COLE,0.0
AUGUSTIN-GENSSE,0.000813432098323242
JAMES-WARD,0.006019844154111992
ROBERTO-BAUTISTA-AGUT,0.004538135693173001
DAVID-ESTRUCH,0.0013470782669129978
HECTOR-RUIZ-CADENAS,0.0006980058009860687
ALBERT-RAMOS-VINOLAS,0.007231263886324465
BRUNO-RODRIGUEZ,3.1287434205038515e-05
ALEN-BISEVAC,2.6905494961998776e-05
MIQUEL-PEREZ-PUIGDOMENECH,7.17370616981248e-05
DAVID-MARRERO,0.005219590348360443
ANTOINE-CHAMPAGNE,0.0
ADOLFO-GOMEZ-PINTER,0.0
CHRISTOPHER-DEKKER,0.0
JORDI-MARSE-VIDRI,0.0
VALERY-RUDNEV,0.002259485374723911
ANTONI-GOMEZ,3.7172560483839327e-06
BENEDIKT-EGER,0.0
THOMAS-DROUET,1.3267190624168798e-07
JAVIER-GARRAPIZ-BORDERIAS,0.0
IGNACIO-COLL-RIUDAVETS,1.6046831193167587e-05
RABIE-CHAKI,2.203836248958483e-05
CARLOS-SALAMANCA,0.0006130324602995595
BASTIAN-KNITTEL,0.0014724154315144274
YOUNES-RACHIDI,2.109846107893375e-05
ANAS-FATTAR,1.583792710786085e-07
MOHAMED-SABER,0.0006820293216303583
PEDRO-SOUSA,0.0008554367452712121
GERO-KRETSCHMER,3.7795518346759827e-07
TIAGO-GODINHO,9.555650706213736e-07
MATTHIAS-BACHINGER,0.009017154461800908
DANIEL-BRANDS,0.008738848720692586
LOUK-SORENSEN,0.0023114182310844935
MARC-MEIGEL,2.509530295676682e-06
MARCEL-ZIMMERMANN,4.960011722316284e-06
TOBIAS-KAMKE,0.007679770021142959
MARC-SIEBER,1.79556650509575e-05
DAVID-THURNER,0.0006812984712302164
PATRICK-TAUBERT,0.0006595640242765086
PETER-GOJOWCZYK,0.00435310302680958
MARTIN-VACEK,6.870504760886467e-05
MICHAL-NAVRATIL,0.0
THOMAS-FABBIANO,0.007349590532909238
PHILIPP-OSWALD,0.0038540200604576247
NICOLAS-REISSIG,0.00043257644309455427
PASCAL-BENZ,0.0
BRIAN-DABUL,0.001242500075548417
PABLO-CUEVAS,0.008172034186275977
MAXIMO-GONZALEZ,0.006597163747639479
MARTIN-KLIZAN,0.004073630212383489
ADRIAN-MANNARINO,0.004316760929481635
JOSSELIN-OUANNA,0.0038675620671964487
GARY-LUGASSY,2.0951241856149013e-05
MARCO-CRUGNOLA,0.0011890451741660415
DANIEL-LENCINA-RIBES,0.0006591957811470008
PHILIPP-MARX,8.379917794954943e-05
TRISTAN-FARRON-MAHON,0.0
PATRICK-EICHENBERGER,1.5075464122363545e-05
GUNNAR-HILDEBRANDT,0.0
IGOR-ZELENAY,0.0006721648768616401
JAN-HENRIK-LANGHORST,0.0
TOM-RUSHBY,2.0682364293594232e-05
JAMES-MAY,1.6211154075218705e-06
CHRIS-EATON,0.0007644541166537855
DAVID-RICE,2.1140882880241538e-05
NEIL-BAMFORD,5.053249381806333e-07
DANIEL-COX,0.0014419877850104623
DAVID-BREWER,2.9064556021602936e-07
ALEXANDER-SLABINSKY,0.0003466029735837765
IAIN-ATKINSON,0.0
RICHARD-IRWIN,1.2654460638166614e-06
DANIEL-EVANS,0.0024706345645953546
MICHEL-KONING,8.473970165973859e-05
JORDAN-KERR,5.6472675484736665e-05
ALEXANDER-NONNEKES,0.00011921133992237781
THOMAS-SCHOOREL,0.0033057496403819026
BART-BEKS,0.0006591957811470006
ROY-BRUGGELING,0.0
XANDER-SPONG,0.0
MARTIJN-VAN-HAASTEREN,0.0
SVEN-SWINNEN,1.5171489621824153e-06
WOUTER-STANDAART,0.0
KEN-SKUPSKI,0.0007205876004117232
SEAN-THORNLEY,0.0006781560197218752
DANIEL-SMETHURST,0.0008227751726065428
THOMAS-KNIGHTS,0.0
EDWARD-CORRIE,1.7163972862177673e-05
GRAEME-DYCE,0.0
JAMES-PRESCOTT,0.0
CHRIS-HARFIELD,0.0
ROBERT-CHAMBERS,0.0
BORIS-OBAMA,0.0
GEORGE-COUPLAND,5.5534620165991375e-06
LEWIS-BARNES,0.0
DANIEL-COTTIER,0.0
TOM-WILLIAMS,0.0
BEN-DUNBAR,0.0
GABRIEL-TRUJILLO-SOLER,0.00024338555235057534
JOSE-CHECA-CALVO,6.151706882313981e-05
TIM-GORANSSON,0.00011026339858306827
ERLING-TVEIT,0.002089664466864107
DANIEL-KUMLIN,1.533940683027257e-05
ROBIN-FAHGEN,0.0013194823801852991
JUHO-PAUKKU,1.4111771337242031e-05
JONAS-BERG,0.0006591957811470006
JOHAN-BRUNSTROM,0.0027426442735090503
PABLO-FIGUEROA,0.00015043327767907754
MIKAEL-EKMAN,0.0006591957811470006
RASMUS-MOLLER,1.4159414092199645e-06
DENYS-MOLCHANOV,0.0023780793636888316
RICKARD-HOLMSTROM,1.288995217709037e-05
PATRIK-ROSENHOLM,0.0008212247691042467
MARKUS-ERIKSSON,0.0005746867177845652
DAVID-NYLEN,1.3025846007158712e-07
OSKAR-PALLIN,0.0006602471786138984
THOMAS-KROMANN,0.0
PHIL-STOLT,0.0
OTTO-SAUER,0.0
ROBIN-BRAGE,4.80192893945757e-07
DANIEL-BERTA,2.975083525902983e-05
HENRIK-NORFELDT,1.3451704297249307e-05
CARL-BERGMAN,0.0010448885379785988
STIAN-BORETTI,0.0
FREDERIC-NUSSBAUM,0.0006595666723844969
MATHIEU-GUENAT,0.0005436484662284906
YANN-MARTI,0.0025169454254766214
WILLEM-HORNIKX,0.0006591957811470006
PATRICK-SCHNIDRIG,0.0
YANNICK-THOMET,2.2533494002824018e-07
JOCHEN-MATSCHKE,0.0
MAXIME-BONAMI,3.159001877855936e-05
KIANTKI-THOMAS,1.1082925238839673e-06
PATRIK-FISCHER,0.0
DYLAN-SESSAGESIMI,0.0
JOHN-ISNER,0.0010687189391221962
NATHAN-THOMPSON,0.00018599527877818895
RYAN-HAVILAND,0.0006315713495936257
GREG-OUELLETTE,0.0010832317909268477
RODRIGO-ANTONIO-GRILLI,0.0
DOMINIC-PAGON,3.1874928409889345e-06
HARRY-CICMA,1.7453731812162391e-06
JUSTIN-DIAO-NATALE,4.777981811232979e-06
DENIS-MATSUKEVICH,0.002082865102608531
RALPH-GRAMBOW,1.6618949276950361e-06
BOY-WESTERHOF,0.001059738356131336
SEBASTIAN-DECOUD,0.00022118780502527777
JAVIER-GENARO-MARTINEZ,8.495039187639279e-07
MELVYN-OP-DER-HEIJDE,0.0
PHILIPP-HAMMER,1.1824027571750222e-07
ADRIAN-MENENDEZ-MACEIRAS,0.003403496772198865
MARK-DE-JONG,0.0
MATWE-MIDDELKOOP,0.0007212629257021128
ALEJANDRO-FABBRI,0.0006654799197449142
CARSTEN-BALL,0.0014411454381437925
NIMA-ROSHAN,0.0006594780381347215
RYAN-THACHER,0.00037734630812381924
KAES-VANT-HOF,0.0006591957811470006
JEFFREY-DAS,0.0
DAVE-LINGMAN,1.0441204230261627e-06
NOAH-NEWMAN,0.0
DANILO-ZIVANOVIC,1.15049542430012e-06
SAHR-TIMOTHY--KPULUN,1.3600076042801186e-06
ERIC-BASICA,0.0
RYLAN-RIZZA,0.0
NORMAN-TAM,0.0
JARED-DRUCKER,3.349915612007062e-07
CHRISTIAN-HAND,0.0
GARY-SACKS,4.488805083504753e-06
VAHID-MIRZADEH,0.00010463588074410173
SUNIL-KUMAR-SIPAEYA,0.0006755356064411046
JOE-EPKEY,0.0006591957811470007
JUSTIN-KRONAUGE,2.3104193250657755e-06
RYAN-PRESTON,2.0776176480116093e-06
JONATHAN-TRAGARDH,1.4199904793689494e-05
PAUL-ROSE,0.0
DAN-LEMPA,0.0
TROY-HAHN,0.0
TAYLOR-FOGLEMAN,1.7694208406974072e-05
GIANCARLO-PETRAZZUOLO,0.000666872969553487
PERE-RIBA,0.0062001249325992335
PREDRAG-RUSEVSKI,0.00011469239847215218
GORAN-TOSIC,0.0014848349580051645
MAREK-SEMJAN,0.0008137328381521898
ENRICO-BURZI,3.866991038222182e-05
DAVID-SAVIC,0.0006643730054177958
NIKOLA-MEKTIC,0.004659340588065292
MARKO-DJOKOVIC,2.4584396203976688e-05
ROK-JARC,0.0
KRESIMIR-RITZ,4.32087727728976e-07
DARKO-MADJAROVSKI,8.330145410164346e-07
VLADIMIR-OBRADOVIC,0.0006805908798234121
PATRICK-GAMAUF,0.0
PATRICK-SCHMOLZER,0.0
MARTIN-SLANAR,0.00015184928238104432
MAX-RADITSCHNIGG,2.773434635679917e-05
IVAN-ZOVKO,0.0
ALEKSANDAR-MARIC,0.0
MARIN-BRADARIC,1.6276852805719195e-05
TIBOR-SIMIC,0.0
TREAT-HUEY,0.0003946619287819419
KAMIL-CAPKOVIC,0.00014348745606166416
MARCUS-FUGATE,0.0
DAWID-OLEJNICZAK,2.4509879014321884e-05
KACPER-OWSIAN,0.0
PIOTR-CIALKOWSKI,0.0006680497443975452
JAKUB-PITER,0.0006591957811470006
MARCIN-GAWRON,0.0006881464636477866
MAREK-MROZEK,0.0
PAWEL-DILAJ,0.0
PAWEL-GLODKOWSKI,0.0
ARTUR-ROMANOWSKI,3.223990429741433e-06
PAWEL-SYREWICZ,0.0
DAVID-KUCZER,0.0
BOJAN-SZUMANSKI,4.755184934556085e-07
TOMASZ-KRZYSZKOWSKI,0.0
ANDRZEJ-GRUSIECKI,0.0
PIOTR-DILAJ,0.0
MICHAL-SEKULA,0.0
PIERRE-LUDOVIC-DUCLOS,0.002149389446131045
ERIK-CHVOJKA,0.002514082643552528
KEVIN-ANDERSON,0.004969290930865306
ROY-KALMANOVICH,1.3139773772786166e-05
KABELO-MALEKA,0.0
LUIS-MANUEL-FLORES,1.9889459248493654e-05
TODD-PAUL,1.7056354191336143e-05
STEFAN-WAUTERS,3.6709470762365725e-07
RYLER-DEHEART,0.0002013205096909262
JAN-MINAR,0.0008289376442045339
MATT-BRUCH,0.0
DUSAN-LOJDA,0.0007547120987477826
STEPHEN-BASS,0.0006603138866571626
BRYAN-KONIECKO,5.954981508294818e-07
THOMAZ-BELLUCCI,0.003773722882736719
SANCHAI-RATIWATANA,0.0010242799328975993
HYUN-WOO-NAM,0.0007397652030569469
WAN-GAO,2.478927822585449e-06
PENG-GAO,0.0006591957811470006
JUN-CHAO-XU,1.3929752383821696e-05
ASHLEY-FISHER,5.193218214913204e-06
YUICHI-SUGITA,0.006583066126752845
YU-CHANG,3.348520792701005e-06
SHUANG-QIANG-LIANG,0.0
ZHE-LI,9.442547182830253e-05
GREGORY-HOWE,6.717052123359553e-05
NORIKAZU-SUGIYAMA,5.799873875817914e-06
MAO-XIN-GONG,0.00010660086115369385
LEI-GAO,0.0
YAN-BAI,0.0003210032386203548
HUI-ZHANG,0.0
MING-LI,0.0
CATALIN-IONUT-GARD,0.00021051053671807023
ARTEMON-APOSTU-EFREMOV,0.0006640375379907392
ALIN-MIHAI-CONSTANTIN,0.0006591957811470006
VICTOR-STANICA,1.930108088584096e-06
ALEXANDRU-DANIEL-CARPEN,0.000700293884693544
HIDEKAZU-INA,0.0
ALEXANDRU-RAUL-LAZAR,6.119441361700328e-07
ADRIAN-GAVRILA,0.0
MARIUS-COPIL,0.0062302807741505374
THOMAS-CRISTIAN-HODEL,0.0
MARCEL-IOAN-MIRON,2.881341834565859e-06
VIOREL-CATALIN-CIOBANU,0.0
LAURENTIU-ERLIC,1.5426309074424528e-06
COSTIN-PAVAL,3.8581982588562166e-05
KITTIPONG-WACHIRAMANOWONG,2.3046040483513263e-05
PEERAKIAT-SIRILUETHAIWATTANA,0.0006683813381572011
WEERAPAT-DOAKMAIKLEE,0.0006707553446350505
TATSUMA-ITO,0.006952018943782998
PONGSIRI-NIROJ,2.7959342474401256e-05
PEERAKIT-SIRIBUTWONG,0.00065999655893641
PITICHART-CHOKCHAIJAROEN,0.0
PONGPHUN-CHIMDEE,0.0
HARSHANA-GODAMANNA,0.0
NIWAT-WEAWBOOT,0.0
ERIC-BUTORAC,0.0011025031091222005
SORNSAKOL-SUPAKIT,0.0
KATSUSHI-FUKUDA,0.0
NAVDEEP-SINGH,0.0006633294691284552
PURAV-RAJA,0.0006724878222178484
ROHAN-GAJJAR,0.0007238948741631388
YUKI-BHAMBRI,0.0017421975428138518
TUSHAR-LIBERHAN,3.955767353195797e-06
SUDANWA-SITARAM,3.6978640436018177e-07
VIJAY-KANNAN,5.720541236152602e-06
VIVEK-SHOKEEN,1.6216922839618643e-07
VIGNESH-PERANAMALLUR,6.07346447526608e-05
NEISHIT-VAKIL,0.0
AKASH-GUJRATI,0.0
CHRISTOPHER-MARQUIS,0.0
VINOD-SRIDHAR,9.287796844658918e-07
ROMAN-VALENT,0.000722845519000315
PIERRICK-YSERN,0.000659425171489477
JULIEN-MAES,0.0006597965315327923
ROMAIN-JOUAN,0.0006380226329792397
OLIVIER-CHARROIN,0.0006919657709881914
HERVE-KARCHER,3.634854817522685e-07
ANTOINE-FERET,0.0
WHIT-LIVINGSTON,0.0
GREGORIO-ESPINOSA-MULLER,0.0
GAEL-PARTICELLI,0.0
JONATHAN-LAUBUT,0.0
JAE-SUNG-AN,4.661262098229688e-06
OH-HEE-KWON,0.0
TOSHIHARU-KATO,0.0
GUILHERME-OCHIAI,0.0
YUICHI-ITO,2.905621680853947e-05
MILOS-SEKULIC,0.0008108543161331934
MARTIN-PEDERSEN,9.906573777863858e-07
MIKHAIL-KUKUSHKIN,0.007449113882210231
ALEXEY-KEDRYUK,0.00019363482132332438
ANDREI-GORBAN,0.0014889724657770962
SYRYM-ABDUKHALIKOV,0.0
ARTUR-CHERNOV,9.570005583769107e-06
MIKHAIL-LIFSHITS,7.953572614601283e-07
IVAN-SERGEYEV,0.0010226908563558698
VICTOR-KOZIN,0.0
EVGENY-DONSKOY,0.006553497544078621
ALEXANDER-KUDRYAVTSEV,0.007175286321607273
ALEXANDER-YARMOLA,2.5857937931933515e-06
PHILIPP-DAVYDENKO,0.00048388274850174245
CARLOS-GOMEZ-HERRERA,0.0007241264848937123
GUILLERMO-ALCORTA-OLARRA,8.142287871510415e-07
MOHAMMED-FETOV,0.0006591957811470007
FABIAN-ROETSCHI,0.0
BASTIAN-GRUNDLER,0.0
FRANK-WINTERMANTEL,2.49261451797685e-07
SLOBODAN-MAVRENSKI,0.0
IBRAHIM-FETOV,0.0
RIAD-SAWAS,0.0
JEAN-MICHEL-PEQUERY,0.0
VLADIMIR-KARUSEVICH,3.06577787674201e-05
IVAN-NEDELKO,0.0004447903375493557
IGOR-RUD,5.165750754863126e-06
VISHNU-VARDHAN,0.0006680347571465407
MUSTAFA-GHOUSE,5.383711778016949e-06
KAMALA-KANNAN,6.64233422542243e-07
KARUNUDAY-SINGH,0.0007327380103924915
AJAI-SELVARAJ,1.4071919696131306e-05
RANJEET-VIRALI-MURUGESAN,0.0006725412838253358
DIVIJ-SHARAN,0.0009780735467499586
ARTEM-SITAK,0.0032182190421171687
ALBERTO-BRIZZI,0.00017284692771412806
AHMED-ABDRABUH,2.5849052900486374e-06
TOM-KRUG,0.0
KHALID-AL-NABHANI,0.0
ALEKSANDR-MITYAEV,0.0
CHRISTOPHER-KAS,0.0035163664622107228
MOHAMMED-AL-NABHANI,3.6464427327286436e-07
SIMON-ASPELIN,0.0
MIGUEL-ANGEL-LOPEZ-JAEN,0.002385809591089531
ADAM-VEJMELKA,5.473446628276798e-05
SAM-GOULD,0.0
SAM-GROTH,0.0037787015077108367
BERNARD-TOMIC,0.0014949779752283395
ADRIAN-CRUCIAT,0.0008992299116341827
MILES-ARMSTRONG,1.489663648696445e-06
ANDREW-THOMAS,0.0
HANS-PODLIPNIK-CASTILLO,0.000276768117315369
GUILLERMO-RIVERA-ARANGUIZ,6.342437151534382e-05
LUIS-IGNACIO-MORALES,0.0
BORJA-MALO,0.0
MARTIN-ALUND,0.0020493159064145982
VICTOR-MORALES,2.3311214879288654e-06
RICARDO-URZUA-RIVERA,0.0006755515905425481
CLINT-BOWLES,0.0
DANIEL-LUSTIG,2.438349335702914e-07
ALBERTO-FRANCIS,2.5675708806722193e-05
FILIP-KRAJINOVIC,0.0033803636479534647
RICARDAS-BERANKIS,0.008098354056800025
CHASE-BUCHANAN,0.0008154540925037429
TY-TROMBETTA,2.1841469586149165e-06
BENOIT-PAIRE,0.002808652051262755
VINCENT-MILLOT,0.005858852889435008
FREDERIC-JEANCLAUDE,1.361262599953995e-06
SEBASTIEN-LAMI,0.0
ALEXANDRE-PENAUD,0.00012277008316629248
LAURENT-VIGNE,0.0
FLORENT-SCACCIANOCE,0.0
ARNAUD-AGNIEL,0.0
HENRIQUE-CUNHA,6.78493699103635e-05
ANDRE-BARAN,0.0
JUAN-PABLO-VILLAR,8.94681382409639e-06
LEANDRO-MIGANI,3.574835384210523e-06
TIM-SMYCZEK,0.00770694865943227
JOSE-DE-ARMAS,0.0006675302306072902
BIJAN-HEJAZI,0.0
CHRISTOPHER-LAM,0.0
DANIEL-CHU,0.0
CESAR-RAMIREZ,7.437384845597471e-05
JOSE-GERARDO-MEZA,3.1501442093213764e-07
BLAZ-KAVCIC,0.0061764381790346745
LUCA-VANNI,0.0024159884012204215
DENI-ZMAK,5.5021332573183233e-05
ANTE-PAVIC,0.004136202638793613
TIMO-NIEMINEN,0.0001527376311866983
VILIM-VISAK,0.0
VJEKOSLAV-SKENDEROVIC,1.032401448376877e-06
ANTONIO-SANCIC,0.00011177379948434619
JOSKO-TOPIC,0.000254313245308057
NIKOLA-MARTINOVIC,0.0
MAHMOUD-NADER-AL-BALOUSHI,1.68593983113779e-06
HASHIM-ABDAL,0.0
TROY-GILLHAM,0.0
SHANE-LA-PORTE,1.2557979125940242e-06
JONATHAN-RIBASTE,0.0
RYAN-HARRISON,0.006090653870548057
JOAO-SOUSA,0.0049194145560346346
MIGUEL-ALMEIDA,0.0006591957811470006
HUGO-ANAO,7.441941790345597e-06
JOSE-MANUEL-GARCIA-RODRIGUEZ,3.983046253983833e-06
JUAN-PABLO-YUNIS,0.0006591957811470006
VASCO-PASCOAL,0.000682296686844828
CARLOS-CALDERON-RODRIGUEZ,2.7366300143815972e-06
PEDRO-CLAR-ROSSELLO,2.6644196639841326e-05
JOAO-FERREIRA,0.0
JOSE-PEDRO-SILVA,8.987226514870778e-06
FRANCISCO-DIAS,1.8909722685290816e-05
MARTIN-TRUEVA,8.350124262180276e-06
GONCALO-FALCAO,5.4938849245339065e-05
JOSE-RICARDO-NUNES,0.00015719579497484876
MATIAS-SAENZ,0.0
SYDNEY-JIM,0.0
PATRICK-BRIAUD,0.0
HARRY-FOWLER,1.1526223615343547e-05
ANDONI-VIVANCO-GUZMAN,0.000664357658692333
MARCELO-PALACIOS-SIEGENTHALE,0.0006591957811470006
GUILLERMO-OLASO,0.0005387869655365201
SERGIO-PEREZ-PEREZ,0.0
MORGAN-PHILLIPS,0.0006933567689378492
JUAN-LOPEZ-VICO,0.0
IGNACIO-CARBONELL,0.0
JAVIER-PERIS,0.0
VITOR-REQUIAO,5.005603732399884e-06
KOMLAVI-LOGLO,5.630104567073178e-06
AMADOR-ROMERO-TORRES,0.0
MATTEO-MARRAI,6.03032613403927e-06
GRIGOR-DIMITROV,0.001760808300860589
CARLOS-POCH-GRADIN,0.00013547737468430906
STEVEN-DIEZ,0.0004745293527733221
MANUEL-JORQUERA,0.0
GERARD-GRANOLLERS,0.000340418168061337
STEFAN-SEIFERT,0.00010943028530533624
SASCHA-KLOER,3.9985654005255e-05
NAVID-JOHANNIGMANN,0.0
TOBIAS-SIMON,6.321083057490802e-05
DENNIS-BLOEMKE,3.476259297365164e-05
CHRISTIAN-MAGG,3.657608743109183e-06
MANUEL-SANCHEZ,0.0006862107331464691
MATTEO-TREVISAN,5.799321825625509e-05
ANDREA-ARNABOLDI,0.00489252296933438
JAAN-FREDERIK-BRUNKEN,0.0001082717944746362
IVAN-CEROVIC,4.1151593639040976e-07
SAAD-BENKIRANE,1.3373679348230757e-05
BRUNO-SOARES,0.0009333319154169299
REDA-KARAKHI,1.0521895562451427e-05
BADR-BOUABDELLAH,0.0
AHMED-MOUMNI,0.0
OMAR-ERRAMY,9.367848573381176e-06
OMAR-ABOUSHALAM,0.0
FRANCESCO-PICCARI,4.134990552631725e-05
JURGEN-GUNDERA,0.0006591957811470005
MARC-RATH,0.0007542812781535208
KEVIN-SORENSEN,2.4474696672397645e-07
MARCIO-TORRES,0.0
ULADZIMIR-IGNATIK,0.000907608586396858
STEPHANE-PIRO,0.0
GUILLAUME-RUFIN,0.00171008171614711
MATHIEU-RODRIGUES,0.0009070938753728236
JONATHAN-DASNIERES-DE-VEIGY,0.0009287482349137989
NILS-LANGER,0.001399276921663158
LUDOVIC-WALTER,2.3221155494162803e-05
ALEXANDRE-RENARD,2.1722902035389986e-05
SADIK-KADIR,7.465202571119458e-06
JOSIP-BRKIC,0.0
JIRI-KOSLER,0.0
JERZY-JANOWICZ,0.0028344895251472216
BLAZEJ-KONIUSZ,0.001976957981693444
MICHAL-WLODARCZYK,0.0006591957811470004
JEDRZEJ-ZARSKI,0.0006591957811470007
DAWID-CELT,0.0
ROBERT-GODLEWSKI,0.0
WOJCIECH-STARAKIEWICZ,0.0
SLAWOMIR-SZEREMETA,0.0
DARIUSZ-LIPKA,0.0
MATEUSZ-KOWALCZYK,3.6759807564890215e-06
FILIP-RAMS,0.0
MATEUSZ-SZMIGIEL,0.0
ANDRIEJ-KAPAS,3.0946485632260274e-05
ANDREA-AGAZZI,5.6012619242503105e-05
KEVIN-LIETAR,0.0
THOMAS-SCHOECK,0.0
GEORGE-MORGAN,0.00021398074492352565
IZAK-VAN-DER-MERWE,0.0012203867823215285
MARSEL-ILHAN,0.009273596849606732
EDWARD-SEATOR,0.0
DAVID-NORD,2.1485182621264592e-05
HENRIK-SODERBERG,0.0
ARVID-PURANEN,0.0
ROBERT-GUSTAFSSON,1.3473717496009025e-06
PATRIK-BRYDOLF,3.697434683371304e-05
ROBERT-LINDBERG,0.0
ALEXANDER-SADECKY,0.0011486850214170706
JUSTIN-ONEAL,4.093844062443734e-05
BRIAN-BATTISTONE,8.874580192962731e-07
DANIEL-KRAJNOVIC,0.0
RAFAEL-AREVALO,1.172818912094202e-07
GEERT-JAN-VAN-DIJKEN,0.0
TOMASZ-BEDNAREK,1.8998767581170615e-05
BRAD-POMEROY,0.0
ARMIN-HIRNER,0.0
MARKO-BOSKOVIC,0.0
MIRZA-BASIC,0.003466358702126495
MARCO-GUALDI,0.0
VASEK-POSPISIL,0.0032259129235107788
DEVIN-BRITTON,0.0001479219730299732
MILAN-POKRAJAC,0.0
MILOS-RAONIC,0.0009014177936147936
VICTOR-ESTRELLA-BURGOS,0.0017028533468541724
RHYNE-WILLIAMS,0.0009101815299979759
DENES-LUKACS,0.0006598920647692679
DEVIN-MULLINGS,0.0
TIGRAN-MARTIROSYAN,4.035207949649325e-05
CHRIS-KLINGEMANN,2.2009959222590845e-06
PATRICK-FRANDJI,0.0
WILLIAM-BOE-WIEGAARD,3.772949401513159e-05
ARTHUR-BEAVIS,0.0
ADRIANO-BIASELLA,0.0
ANTHONY-ASSAL,0.0
AUSTIN-KRAJICEK,0.0026982207150849373
JEAN-YVES-AUBONE,1.6822576532340995e-05
ANDRE-MIELE,5.2667501526462276e-05
TRAVIS-HELGESON,0.0
VALENTIN-MIHAI,8.787478311337793e-06
ILIE-AURELIAN-GIURGIU,0.0006593793461571064
ROBERT-VARGA,0.0
BOGDAN-ANDRII,2.562257523224226e-07
JEROEN-MASSON,0.0
AMIR-WEINTRAUB,0.0018138771123580723
YA-NAN-MA,2.244095111830138e-05
SA-CHEN,0.0
YE-DU,0.0
TSUNG-HUA-YANG,0.001759271922777612
ANDRE-WIESLER,0.0
PIERRE-HUGUES-HERBERT,0.005928866395608787
HOLGER-FISCHER,0.0006616811171962766
JUNN-MITSUHASHI,9.020716449481185e-08
KENTO-TAKEUCHI,3.69786873558216e-05
HIROKI-MORIYA,0.0020999609966027314
ILIA-STARKOV,0.0006667944833775147
ILYA-BELYAEV,0.001266155492122342
ANDREY-KUZNETSOV,0.004003631024349849
STANISLAV-VOVK,3.675945420647274e-05
ALEXEI-FILENKOV,0.0
SERGEI-KROTIOUK,2.8282851941459326e-05
SERGEI-DEMEKHINE,0.0
DANILA-ARSENOV,1.6413343495959538e-07
ANTON-MANEGIN,5.344402983012804e-07
SERGEY-BETOV,0.0002164812136983526
ANDREI-KARATCHENIA,0.0006594476852333014
ARTEM-SMIRNOV,2.776577477393163e-05
TOBIAS-BLOMGREN,7.809839049336643e-05
NIMA-MADAMI,0.0
NIKOLAUS-MOSER,0.00017895241856636298
YANNICK-MERTENS,0.0015699516633646401
KARLIS-LEJNIEKS,2.5442393821282336e-05
FILIP-POLASEK,0.0007564528026974336
MIKHAIL-BALMASHEV,1.1033320128770458e-06
VLADYSLAV-KLYMENKO,0.0
ANDREI-PLOTNIY,0.0
DZMITRY-ZHYRMONT,0.00016558986637822627
MARK-VERRYTH,1.27525225746043e-05
SANAM-SINGH,0.000663015995299235
ROHAN-GIDE,0.0
N-VIJAY-SUNDAR-PRASHANTH,0.0010487259539078832
NAVEEN-SAAI,0.0
RONAK-MANUJA,0.0
ABHIJEET-TIWARI,1.1459184892882368e-05
VIKRAM-REDDY-B,0.0
ALI-GHAREEB,0.0
MOUSSA-SHANAN,0.0
ABDULLAH-MAQDES,8.257543498822725e-06
AMER-MEZRI,0.0
JABER-NOUH,0.0
RUBEN-BEMELMANS,0.0077272041248562205
ALEXANDER-FLOCK,4.196620349448695e-05
FINN-TEARNEY,6.568819097548019e-06
NIELS-DESEIN,0.0026127299649040723
MARCUS-DANIELL,5.594072472575314e-05
STEVEN-GOH,0.0
DANE-PROPOGGIA,5.26394458072153e-06
BRENDAN-MCKENZIE,0.0
RICCARDO-GHEDIN,0.00016950884251761128
JOHN-MILLMAN,0.0008400013494198705
MARINKO-MATOSEVIC,0.005161123424579516
DIEGO-ALVAREZ,5.226887245441205e-06
MATT-REID,0.0007643649984516448
RAVEN-KLAASEN,0.0004677721568056268
ROSS-HUTCHINS,0.0005667161003313841
ANDREW-ANDERSON,4.116139526522638e-05
NICOLAAS-SCHOLTZ,4.0310646695259055e-05
GRANT-IVE,0.0
JEAN-ANDERSEN,0.0
BENJAMIN-JANSE-VAN-RENSBURG,2.0138143096686938e-06
HENDRIK-COERTZEN,4.610391651064801e-07
MBONISI-NDIMANDE,0.0006744255905436709
FRANCISCO-OLIVARES,5.973237311451156e-06
ANGEL-TORRES,0.0006591957811470006
DAVID-VELIZ-LEPE,0.0
VICTOR-NUNEZ,1.8780497802911817e-05
IGNACIO-LEHYT,0.0
EMILIANO-GARCIA-BLANKSMAN,0.0
SILVIO-DADIC,0.0
KRISTIJAN-MESAROS,0.00048733427885871885
JUSTIN-ELEVELD,1.865775529229757e-06
JOHN-LAMBLE,0.0
JOSE-PEREIRA,0.0006622760452615092
PEDRO-FEITOSA,0.0
THOMAS-JUN-FACCHINI-TAKEMOTO,0.0
GABRIEL-DIAS,0.0
JUAN-PABLO-AMADO,1.788024072556005e-05
ANDREA-COLLARINI,3.422118435720867e-05
LIONEL-NOVISKI,0.0006621779237362444
MARCEL-FELDER,9.030219477073528e-05
MARCO-TRUNGELLITI,0.0019085416595990723
PIERRE-METENIER,3.721447844008441e-07
ROMAIN-HARDY,0.0
NICOLAS-RENAVAND,0.00037050607369932024
JORGE-VAZQUEZ-CATOIRA,0.0
BLAKE-STRODE,0.0004951379411689276
JUAN-MANUEL-ELIZONDO,2.0691593840856924e-07
SEBASTIAN-RIVERA,0.0006601224226391882
EVAN-KING,2.2097487877388993e-06
ADRIANS-ZGUNS,3.204535096897347e-07
JONATHAN-DAVID,0.0
MATT-BOCKO,0.0
ALEXANDER-DOMIJAN,7.0430619102653446e-06
COLT-GASTON,0.0
REDA-EL-AMRANI,7.459249868461501e-05
RAFAEL-MAZON-HERNANDEZ,0.0006684695104287702
SERGIO-GUTIERREZ-FERROL,0.0008661750069817014
ALI-EL-ALAOUI,1.678538492460794e-06
EL-MEHDI-WASFY,0.0
BRETT-JOELSON,0.0006591957811470006
BEN-CHEN,0.0
DANIEL-WHITEHEAD,0.0
ANTONIO-COMPORTO,0.0
RODRIGO-CARVALHO,0.0006591957811470005
PABLO-MARTIN-ADALIA,0.0007070305091442198
LAURENT-ROCHETTE,0.0008727051884980993
VASCO-MENSURADO,1.189313650113777e-05
JOAO-MAIO,0.0
JOAO-SILVERIO,0.0
ANDRE-CAIADO,0.0
GONCALO-PEREIRA,1.805462786048585e-05
CEDRIK-MARCEL-STEBE,0.0014123975362767855
JANEZ-SEMRAJC,1.0884978947992246e-05
TRISTAN-SAMUEL-WEISSBORN,3.983237302861056e-05
DOMINIK-SCHULZ,2.6316395098418317e-06
PHILIPP-SCHNEIDER,0.0
DENISS-PAVLOVS,5.3658301015677716e-05
ARSENIJE-ZLATANOVIC,1.815554931257779e-05
ATTILA-BALAZS,0.001411465951545202
DUSAN-LAJOVIC,0.006408901978620286
VLADIMIR-PAVICEVIC,0.0
NIKOLA-CIRIC,0.0011582830505009007
GERALD-KAMITZ,0.0
GERALD-MELZER,0.0037119752446608013
AXEL-MICHON,0.00031542744843456765
JULIEN-OBRY,1.1573127663633084e-05
TOMISLAV-BRKIC,0.0021682269782985998
MARKO-LENZ,0.0
JAN-LENNARD-STRUFF,0.004099672638550413
COLIN-FLEMING,0.0007363158341461634
LIAM-BROADY,0.0014961646761172563
JOSHUA-MILTON,0.0004527660389289544
DAVID-THOMSON,0.0
AHMED-EL-MENSHAWY,0.0
JARRYD-BANT,1.8329687232381537e-06
OLIVER-GOLDING,6.282549153728038e-05
JACK-CARPENTER,1.5144102685655652e-06
MAIT-KUNNAP,1.3704019782961926e-07
JULIEN-CASSAIGNE,1.2300115066951392e-05
HOLGER-ZUEHLSDORFF-PAVLOVIC,0.0006591957811470006
PETER-TOREBKO,0.0013502554814278736
JUAN-FRANCISCO-SPINA,9.890629410109588e-06
PHILIPPE-BRAND,0.0
MARCUS-WILLIS,6.772092157292287e-05
CHRISTIAN-W-SCHULTZ,0.0
DAMAR-JOHNSON,0.0
JAMIE-GRESH,0.0
CHRISTIAN-LINDELL,0.002071562787739616
JEFFREY-MIRA-SVENSSON,7.448530953221401e-07
ANDERS-LINDSTROM,5.884917686406486e-07
JONAS-PONTUS-NORBERG,0.0
JESPER-BRUNSTROM,2.4420521343604783e-06
CHRISTIAN-MOHS,0.0
INIGO-CERVANTES,0.004470151725288867
KEVIN-KRAWIETZ,0.0015198204377225907
DENNIS-NEVOLO,0.0006594510534272631
MICHAEL-RUBIN,0.0006592678557721885
MATTHEW-ALLARE,0.0006591957811470008
ASHWIN-KUMAR,0.0
PEDRO-AST,0.0
JAVIER-HERRERA-EGUILUZ,0.0
JOE-BATES,0.0
RUBEN-GONZALES,0.0
FEDERICO-DELBONIS,0.004660535239251707
DEJAN-KATIC,1.596739601876589e-06
ISRAEL-SEVILLA-MARUHENDA,0.0
YANN-DUPUY,0.0
ROBERT-KHOURY,3.833573792064606e-05
THOMAS-LIVERSAGE,8.726560338799766e-06
JAMES-LUDLOW,0.00028191975414114113
STEVE-JOHNSON,0.0023936903109447035
RICHARD-JOHNSON,0.0
JT-SUNDLING,0.0
AUSTIN-KAROSI,8.701500011243796e-06
ILIJA-VUCIC,6.7333058825299075e-06
DANIEL-DANILOVIC,8.690662679524349e-07
BORUT-PUC,0.0001267798268134411
NIKOLA-CACIC,0.0006806087739876926
ALBERT-LONCARIC,0.0
MILJAN-ZEKIC,7.566884908077973e-05
TONI-ANDROIC,0.0008366662716937929
VEDRAN-SILJEGOVIC,0.0
MITCHELL-FRANK,1.851931493722609e-05
JUNIOR-A-ORE,6.919257817683291e-07
DENIS-KUDLA,0.005034251823924239
BRUNO-AGOSTINELLI,0.0
PAVEL-KRAINIK,0.0006791349184029607
MARC-POWERS,0.0
JORDAN-COX,0.0013729391647688233
ADAM-EL-MIHDAWY,1.8955890266089471e-06
LUIGI-DAGORD,0.0
TENNYS-SANDGREN,6.308734217697497e-05
RYAN-LIPMAN,0.0
ERIC-GOMES,0.0
ROBERT-COMAN,0.0006682269283580217
ANDREI-SAVULESCU,0.00011365369346226167
TUDOR-DUMITRESCU,1.0206645219049411e-05
PAUL-MIHAI-PUSCASU,0.00035942364575716296
VALENTIN-PALAS,0.0
DANIELE-GIORGINI,1.9701983825386694e-06
ADRIAN-MARIN-DANCESCU,4.253040856098843e-06
IOAN-FARCAS,0.0
VLAD-CRISTIAN-SMIGHELSCHI,0.0
MIHAI-BADESCU,7.916015351150733e-06
CATALIN-PETRE-NEDELESCU,4.053098813410811e-06
ADNAN-AL-MAHMOUD,7.005176768823026e-07
SERGIU-MARGARIT,0.0
JEAN-NOEL-INSAUSTI,0.0006591957811470008
MARC-STEGER,0.0
VALENTIN-SANON,0.0
OLIVIER-BORSOS,0.0
VORACHIT-RUNGLERTMANEEPONG,0.0
DEIVIDS-JUKSA,5.427117262264121e-06
WARUT-KORKIATTHAWORN,0.00013574232594521478
PITCHAYA-LIMPIMPRORH,0.0
KIRATI-SIRIBUTWONG,0.0
REWAT-KITPRASERTSAKUL,0.0
PONGSATORN-BENJAMAS,0.0
MOHAMMED-FAIZAL-BIN-OTHMAN,0.0
ABDUL-HAZLI-BIN-ZAINUDDIN,0.0
STEPHEN-HUSS,0.0
KANAGARAJ-BALAKRISHNAN,0.0
MOHAMED-NAZIM-KHAN,0.0
KHEVAN-SOMASUNDRAM,0.0
YEW-MING-SI,0.000668024835783822
ADAM-JAYA,0.0
ZE-ZHANG,0.0013653577738172446
HIROYASU-EHARA,1.192132553007978e-05
DI-WU,0.0007417087421066635
MIKHAIL-BIRYUKOV,0.000673483903067174
ANDREY-KUMANTSOV,0.00019487260638480352
ALEXANDER-LOBKOV,0.0008676053210371798
MIKHAIL-FUFYGIN,1.8849774823952003e-05
ROMAN-KISLYANSKIY,0.0
VAJA-UZAKOV,1.656228363477287e-06
ALEXEY-IREMASHVILI,1.1084050091362144e-06
HENRI-KONTINEN,3.549241401280775e-05
ERIK-MOBERG,0.0006591957811470008
JURGEN-ZOPP,0.0030141619841396895
ANDREAS-SILJESTROM,1.7349997238524996e-05
MATTIA-LIVRAGHI,0.0
JESPER-CEDERLIND,0.0
ALEXANDER-ZHURBIN,3.427995835988572e-05
SERGEY-STRELKOV,1.2470630324038211e-05
ANDREY-YAKOVLEV,2.781291750595463e-06
VITALI-RESHETNIKOV,2.270283116690858e-05
ALEKSANDER-VASIN,0.0
ANDREI-CIUMAC,0.0001598460618908598
SANDRO-EHRAT,0.0007038840687208969
PABLO-GARCIA-GAITAN,0.0
ARNAU-SANZ-SANZ,0.0
JAVIER-MARTI,0.001324507866576065
PEDRO-RICO,0.0
KADEN-HENSEL,0.0006616609978111964
MATHESON-KLEIN,0.0006591957811470007
JOEL-LINDNER,4.104377437199649e-07
MAVERICK-BANES,2.513969949278445e-05
ISAAC-FROST,1.9284057311244538e-07
JARRYD-CHAPLIN,0.0
ANDREW-MCLEOD,0.0
MARK-RICHARDS,0.0
BENJAMIN-MITCHELL,0.001106615510260741
JASON-KUBLER,5.9125125427703245e-05
MOHIT-MAYUR-JAYAPRAKASH,4.27458219805808e-06
AMIR-EL-BAYOUMY,0.0
MALEK-JAZIRI,0.0018303740003284322
HAMAD-AL-MULLA,0.0
JAMES-LEMKE,0.00017317618958743528
LOGAN-MACKENZIE,3.648764609861406e-06
SEBASTIAN-LAVIE,0.0007563100917456925
JAMES-DUCKWORTH,0.0029502297892966124
DAYNE-KELLY,1.534062598535308e-05
ANDRE-BEGEMANN,0.0002797371872322847
SEAN-BERMAN,1.072089228011439e-06
LUKE-SAVILLE,0.0012401271624405564
RUAN-ROELOFSE,0.00019509934337374465
JAMES-CERRETANI,0.0006626090605508018
CRISTOBAL-SAAVEDRA-CORVALAN,8.691848883879272e-06
FACUNDO-BAGNIS,0.006856887790737179
TOMISLAV-JOTOVSKI,8.367441309864304e-06
RODRIGO-PEREZ,2.5990298305565484e-07
GONZALO-URRUTICOECHEA,0.0
MATIAS-SBOROWITZ,7.027989945574019e-06
ALEX-THEILER,7.713352738696704e-07
IVAN-TURUDIC,0.0
ANTONIO-LUPIERI,4.6463582114685086e-06
JANNICK-LUPESCU,1.445824746376707e-07
NIKOLOZ-BASILASHVILI,0.0014451357114869156
ALEJANDRO-GONZALEZ,0.0032940388780497046
HARRI-HELIOVAARA,0.00011293936928450828
DANIEL-MCCALL,0.0
NICHOLAS-EDLEFSEN,2.0932684405084745e-06
BRADLEY-KLAHN,0.0006664724652852516
LEONARDO-KIRCHE,3.862830073900964e-05
ALEXANDRE-SCHNITMAN,2.642812573006681e-07
ELADIO-RIBEIRO-NETO,0.0
BRUNO-SEMENZATO,1.324692557846254e-06
TIAGO-FERNANDES,6.937573173520822e-06
MARCELO-DEMOLINER,0.0007120763152326828
AGUSTIN-VELOTTI,0.0024076089961063063
FACUNDO-ARGUELLO,0.0023976818296831404
ANDRES-DELLATORRE,0.0
THIBAULT-VENTURINO,0.0
JEROME-INZERILLO,3.6676819547684695e-07
JONATHAN-HILAIRE,3.0921530487987908e-06
DAMIEN-SPIZZO,0.0
VICTOR-ROMERO,0.0
MAURICIO-ASTORGA,9.102665291180531e-07
LUIS-DIAZ-BARRIGA,5.964478716013524e-07
ERIC-HECHTMAN,7.271884782384054e-07
JACK-SOCK,0.0014037463588120961
JULIEN-CARSUZAA,0.0
MEHDI-BENHAMMOU,0.00011730093287238079
HAMZA-AGLAIB,0.0
MOHCINE-ROUDAMI,0.0
JOHN-VALENTI,0.0006598504253877567
DANIEL-GARZA,9.002789838707143e-06
PIERO-LUISI,0.0
ALESSANDRO-MOTTI,0.0
DANIEL-VALLVERDU,0.0
HAYDN-LEWIS,0.00069543747044435
PABLO-CARRENO-BUSTA,0.002462157079469381
FEDERICO-GAIO,0.0004526470456058754
ALESSANDRO-GIANNESSI,0.0012695603506647885
OSCAR-SABATE-BRETOS,1.3085178942393803e-05
JULIAN-LENZ,1.4880457637164002e-06
KEVIN-DEDEN,0.0
ROBIN-KERN,0.0005678220187059159
YANNICK-HANFMANN,1.2421003198758389e-05
DENIS-ZIVKOVIC,0.0006630800124724516
ALEKSANDER-SLOVIC,0.0
SASA-STOJISAVLJEVIC,9.169586200876307e-06
AGUSTIN-BOJE-ORDONEZ,9.586465414715864e-07
JOAO-FERNANDES,0.0
RENATO-ASSAD,0.0
DIOGO-SOARES,0.0
FRANCISCO-RAMOS,0.0
JOAO-DOMINGUES,0.0007978799288809504
FREDERICO-FERREIRA-SILVA,8.031395688016728e-05
ALVARO-CAJIGAL,0.0
ARNAU-BRUGUES-DAVI,0.0003718697914886341
GIANNI-MINA,4.435022313082538e-05
CHARLES-ANTOINE-BREZAC,4.2478663802784064e-05
ADRIEN-BOSSEL,0.0028123004267509495
MARTON-FUCSOVICS,0.0035588869422641316
EMANUEL-FRAITZL,0.0
NEIL-PAUFFLEY,1.4114841826132443e-05
JAMES-MARSALEK,0.0007142608625282423
MARTIN-EMMRICH,4.0805849288830235e-05
LEWIS-BURTON,9.768330774849819e-05
NICK-CAVADAY,1.6998522147888705e-06
DOMINIC-INGLOT,0.0002593409701535403
SCOTT-SEARS,0.0
MATTHEW-SHORT,2.2788069328506094e-06
FABRICE-MARTIN,0.0003942371297067803
DOMINIK-PFEIFFER,3.6085356324434535e-07
CLINTON-THOMSON,0.0006686396784893568
ALJAZ-BEDENE,0.007265800121858027
ANDREJ-MARTIN,0.0007724130034322325
ALEXANDER-WARD,0.00016546342127852245
ERIC-QUIGLEY,0.00025125771192347277
LUCAS-RENARD,0.00017748785206754092
CLAUDIO-RIVERA,0.0
STEFAN-BORG,0.0006607914458804868
FILIP-BERGEVI,1.7399114828227107e-05
SEBASTIAN-SACHS,2.9883620351602816e-06
ELMAR-EJUPOVIC,0.0006785638798316984
TASSILO-SCHMID,0.0
FLORIAN-FALLERT,0.0006625121301229146
MARKO-ZELCH,0.0
MICHAEL-SHABAZ,0.0007523517336669713
DRAKE-BERNSTEIN,0.0006645467562566282
NIKO-KARAGIANNIS,0.0
MARIUS-ZAY,0.0
MATTHIAS-WOLF,0.0006591957811470006
BAPTISTE-DUPUY,0.0
QUENTIN-ROBERT,5.848435409388154e-05
CLEMENT-REIX,0.0009790570701614155
HUGO-NYS,0.0006116122786418119
RAPHAEL-LUSTENBERGER,0.0
DANIEL-KOSAKOWSKI,6.168593061333324e-05
KORNEL-BARDOCZKY,4.172947675482335e-06
MARIN-DRAGANJA,1.511268410242279e-05
DINO-MARCAN,0.000732396822800179
CHRISTOPH-LESSIAK,1.4192970585751619e-06
MARCEL-RUZIC,7.046823878269849e-06
ANDRAZ-BEDENE,1.7540344372426094e-06
ZACHARY-WHITE,0.0
KIRILL-KASYANOV,9.954491964690822e-07
JONATHAN-PASTEL,0.0
ROBERT-FARAH,0.0017510512294714403
MATTEO-VIOLA,0.0020568606233741875
JUAN-SEBASTIAN-CABAL,0.0015769525419223338
JARMERE-JENKINS,4.75480254403397e-05
JOHANNES-ROBERT-VAN-OVERBEEK,0.0
VICTOR-MUGUREL-ANAGNASTOPOL,2.4619788922255614e-05
RADU-ALBOT,0.005759079851680095
ANDREI-MLENDEA,6.2005311661348374e-06
SEBASTIAN-PADURE,0.0
MICHAL-SCHMID,2.302537502631801e-05
SIMON-CAUVARD,5.36576519767837e-06
DANE-CHUNTRARUK,4.3151209714432906e-05
PHASSAWIT-BURAPHARITTA,0.0
ADIREK-KHUNDARNPINITVON,0.0
KONG-POP-LERTCHAI,6.539115661382699e-06
CHRISTOPHER-RUNGKAT,7.331288380267664e-06
ARIEZ-ELYAAS-DEEN-HESHAAM,5.284603694137703e-07
CHUHAN-WANG,1.8630293268550147e-05
RICHARD-MUZAEV,0.000870013632373597
ERVAND-GASPARYAN,7.985346083089824e-06
DMITRI-MARFINSKY,1.7687476459550838e-05
ARTEM-PUDOVKIN,0.0
SHALVA-DZHANASHIA,1.022998980734706e-05
ROMAN-TUDOREANU,0.0
MICKE-KONTINEN,6.0971665787807064e-05
LAURYNAS-GRIGELIS,0.0003169074217829926
DAVID-GOFFIN,0.003540438644578263
FLORIAN-REYNET,0.00022943052968067644
DORIAN-DESCLOIX,2.4064096329462545e-06
SAMI-REINWEIN,6.838035723393654e-07
DANILO-PETROVIC,0.00016285722310184096
SVYATOSLAV-KNYAZEV,0.0006591957811470006
ALEKSANDR-AGAFONOV,0.0
ANDREI-VASILEVSKI,7.68676882402737e-06
BEKA-KOMAKHIDZE,2.4139486220405376e-06
IRAKLI-MARUTIAN,0.0
DOMINIC-THIEM,0.0009268706802553525
MARC-GINER,1.9423689412208592e-05
MOHAMED-SAFWAT,6.74494222485791e-05
RUPESH-ROY,4.222777122840078e-06
DANIEL-PUTTKAMMER,0.0
SHAHBAAZ-KHAN,0.0
ALDIN-SETKIC,0.0014991562486003952
ANDREAS-GREMELMAYR,0.0
SHERIF-SABRY,4.468218269752585e-07
MOHAMMED-REDA,0.0
JOHN-EL-KHOURY,0.0
MUBARAK-ZAID,0.0
ABDULRAHMAN-AL-HARIB,0.0
FILIPPO-SASSI,0.0
RAMY-LABNA,0.0
GREGOIRE-BURQUIER,0.0002000466509059817
MARK-FYNN,0.0
STEFFEN-SOLOMON,0.0
FELIPE-RIOS,0.0
JUAN-SEBASTIAN-VIVANCO,5.451979487562977e-06
GONZALO-LAMA,0.0013396747341407555
JUAN-CARLOS-SAEZ,3.5413830512640457e-06
NICOLAS-GUSTAVO-KAUER,3.5530605249776007e-07
GONZALO-DE-URRUTICOECHEA,0.0
MICHEL-VERNIER,0.0
OSVALDO-AGUIRRE,0.0
JAVIER-MUNOZ,1.1025790415600105e-06
RAFAEL-CAMILO,1.1046052951703763e-07
MARKO-MIJACEVIC,5.159248002279141e-07
DAMIR-DZUMHUR,0.002904993162133483
IVAN-BLAZEVIC,0.0
GYORGY-BALAZS,0.0
ANTE-BILIC,0.0
MARKO-LOVRINOVIC,0.0
TOMISLAV-GREGUROVIC,0.0
ANTUN-PEHAR,0.0
DAVID-DE-GOEDE,0.0
RUDOLF-SIWY,4.2220102660971324e-07
ERIC-JOHNSON,0.0
IVAN-ANIKANOV,0.0
BRIAN-BROGAN,0.0
PEDRO-ZERBINI,2.7623571883160578e-06
GUILHERME-CLEZAR,0.001857024073927242
FABIANO-DE-PAULA,0.001871892195229291
KARUE-SELL,0.0
AUGUSTO-LARANJA,2.975231966829825e-07
THIAGO-MONTEIRO,0.0013038517836085539
BRUNO-SANTANNA,2.4081922182529977e-06
PABLO-GALDON,7.142351544440993e-05
DIEGO-SCHWARTZMAN,0.0020181151463097517
FACUNDO-LUGONES,0.0
GONZALO-TUR,0.0
RENZO-OLIVO,0.002016400526314454
JUAN-IGNACIO-LONDERO,0.0021765531279250684
GUIDO-ANDREOZZI,0.0008389201009078927
GUILLERMO-DURAN,0.0013445886286514155
MAXIME-TEIXEIRA,0.0008931061683056807
MATHIAS-BOURGUE,0.00017400793341778128
ANTOINE-ESCOFFIER,0.0
JOE-SALISBURY,1.977047390679154e-05
ALEXIS-CARLOS,0.0
LUIS-PATINO,9.55175664263177e-06
BJORN-FRATANGELO,0.0012723399865462203
HICHAM-KHADDARI,3.6849636230232785e-07
YASSINE-IDMBAREK,7.371057863033634e-06
ASHOK-NARAYANA,0.0
STUART-KENYON,0.0
JUAN-LIZARITURRY,6.794215119626451e-05
PETER-HELLER,5.964249089983655e-08
KENNY-DE-SCHEPPER,0.00872265800109299
STEPHAN-HOISS,0.0006941323572180934
NORBERT-GOMBOS,0.002102615852226872
MARTIN-RMUS,0.0
NIKOLA-MILOJEVIC,3.010076135131755e-06
DANIEL-GLANCY,0.0006611514246263843
BARRY-KING,3.662539378856627e-07
FILIPPO-LEONARDI,8.898085746962875e-06
ROBERTO-ORTEGA-OLMEDO,7.496795680083324e-05
ALBERT-ALCARAZ-IVORRA,4.0942683206200406e-07
ANDRES-MOLTENI,0.0002050815170998316
ALBANO-OLIVETTI,0.0006469951645937996
FILIP-VEGER,0.00025432519942338657
MICHAEL-LOOK,5.0092690004284604e-06
JAMES-FEAVER,1.6185524694103935e-07
TOBY-MARTIN,0.0
MILOSLAV-MECIR,0.0002582505724364974
RICHARD-WAITE,2.152929081436482e-06
ALEXANDAR-LAZOV,0.0014281768006939879
ROMANO-FRANTZEN,0.0
MICHAEL-LUX,0.0
ADAM-KELLNER,6.257004516629931e-06
SEKOU-BANGOURA,0.0003940833879155772
ANDREW-DZULYNSKY,0.0
HENRY-STEER,7.3332873270249e-07
ANTOINE-BENNETEAU,3.1503509997277116e-06
FRED-SIMONSSON,0.0007180991902561809
JACOB-JOHANSSON,0.0
ROBIN-OLIN,8.734386805205795e-06
ZIAD-SULTAN,0.0
SIMON-NORENIUS,0.0
NEVEN-KRIVOKUCA,3.670435490985046e-06
JOCHEN-NUFER,0.0
FABIAN-SCHMID,0.0
JAN-BLECHA,0.0
REMKO-DE-RIJKE,0.0
MAXIMILIAN-MARTERER,0.0001823599187228069
MAC-STYSLINGER,1.3578081479873292e-05
GABRIEL-TOWNES,7.021553810912885e-06
AUSTIN-SMITH,0.0006592939872768054
WIL-SPENCER,4.118318406366014e-05
KEVIN-KING,0.0016481703578775553
ALFREDO-KRYWACZ,0.0
GUILLERMO-GOMEZ-DIAZ,0.0
NATHANIEL-SCHNUGG,0.0
JACK-ANTON,6.797924665140011e-06
ERIK-GRAVES,7.753651582996529e-06
TOBIAS-HINZMANN,0.0
HENRI-LAAKSONEN,0.0059631356275366195
MARC-AURADOU,0.0006591957811470005
LUCA-SCHENA,1.1519633867821344e-06
MARTIN-PRIKRYL,1.759021123000995e-06
YANN-MINSTER,0.0
JOSS-ESPASANDIN,1.6995512024400233e-06
JENS-HAUSER,1.10782413658341e-06
RAPHAEL-MORI,3.847701728173149e-05
MARCIN-KOSAKOWSKI,0.0
CLAY-THOMPSON,4.3816693072158965e-06
LUIS-ANTONIO-PEREZ-PEREZ,0.0
HAREL-SRUGO,0.0
AARON-YOVAN,0.0
MARCOS-GIRON,8.013608326031728e-05
MATE-DELIC,0.0011057652736107665
MATE-PAVIC,0.0013243571945502231
MARIN-FRANJICEVIC,1.430653708446043e-06
MIKE-URBANIJA,5.219005833897718e-05
AGUSTIN-GONZALEZ,0.0
NILS-MUSCHIOL,0.0
JASMIN-ADEMOVIC,0.0
BJORN-PROPST,3.8728030453341106e-07
THEODOROS-ANGELINOS,0.00036316267127681895
VIKTOR-GALOVIC,0.0001217469830163289
JADEN-GRINTER,9.786828024158116e-06
BASTIAN-TRINKER,0.0015451399171260334
DANIEL-GEIB,3.768533975456395e-06
RICCARDO-BELLOTTI,6.419892378040139e-05
MAXIMILIAN-NEUCHRIST,0.000566495072819927
PETER-STEINBERGER,0.0
MICHAEL-EIBL,4.993332391519014e-07
DENNIS-NOVAK,0.0014466905850830283
GIBRIL-DIARRA,0.0006863424826051885
PATRICK-OFNER,1.2686981867190327e-06
ANDREW-ADAMS,0.0
JOSE-HERNANDEZ-FERNANDEZ,1.0871183583429796e-05
CHRISTIAN-HARRISON,0.00010464813979366807
MITCHELL-J-POLNET,0.0
HUNTER-HARRINGTON,0.0
ANDREW-CARTER,0.0007446604222827193
CHRISTIAN-WELTE,0.0
DIMITAR-KUTROVSKY,0.00011846881212215214
ROBBYE-POOLE,0.0
LUCA-GEORGE-TATOMIR,0.0006591957811470005
LLAURENTIU-ADY-GAVRILA,0.0
ALEXANDRU-CATALIN-MARASIN,9.893088508644185e-08
DARIUS-FLORIN-BRAGUSI,0.0
ANDREI-COCIASU,0.0
CIPRIAN-ALEXANDRU-PORUMB,0.0
TUDOR-SULEA,1.1735608276259569e-05
MIHAITA-DANIEL-DAMIAN,0.0
TEODOR-NICOLAE-MARIN,0.0
PATRICK-GRIGORIU,0.0
ALEXANDER-ZVEREV,0.001943563430894248
ADIL-SHAMASDIN,1.844641070775202e-07
KEVIN-BOTTI,0.0
TRISTAN-LAMASINE,0.0006589723732582069
TRISTAN-GABRIEL,7.812404860846205e-07
WARIT-SORNBUTNARK,9.186926179857957e-06
AVIRUTH-PHAPHUI,1.5102868004165001e-05
WISHAYA-TRONGCHAROENCHAIKUL,1.5721972701680687e-06
KELSEY-STEVENSON,2.067244111401274e-05
STANISLAV-POPLAVSKYY,5.738359490598828e-05
WAN-ABDUL-MUIZ-WAN-ABDUL-AZIZ,0.0
KOKI-MATSUNAGA,0.0
AHMED-DEEDAT-ABDUL-RAZAK,0.0006629789915469827
HE-FENG,2.881847632870659e-07
YASUTAKA-UCHIYAMA,0.00244626503147587
ALEXANDER-RUMYANTSEV,2.45349071320989e-06
ILIA-SHATSKIY,9.17196029333141e-06
MURAD-INOYATOV,3.8554675577410864e-07
ALIAKSANDR-BURY,0.00031547127373128444
ASHOT-KHACHARYAN,0.0
VICTOR-BALUDA,0.0007068291989249775
SAAR-STEELE,0.0
EVGENY-KARLOVSKIY,6.996198292158584e-05
MAXIME-AUTHOM,0.0006943014515044178
ANDRES-ARTUNEDO-MARTINAVARRO,0.0006627314409715853
GAVIN-VAN-PEPERZEEL,0.0006642193375184179
SCOTT-PUODZIUNAS,0.0
JOHN-PATRICK-SMITH,0.002770060944631247
ALEX-BOLT,0.0014914020066824104
EMILIEN-FIRMIN,0.0
PRAJNESH-GUNNESWARAN,1.2357541725425971e-06
JEEVAN-NEDUNCHEZHIYAN,0.0010011077390180926
NEERAJ-ELANGOVAN,3.978015991289452e-07
RAMKUMAR-RAMANATHAN,0.00029994189605372885
JABOR-AL-MUTAWA,3.646042393229296e-06
MOUSA-SHANAN-ZAYED,9.876953347064523e-07
ANTON-BETTINK,5.56179016545399e-07
MATTHEW-BARTON,0.0016822145081413849
JIRI-VESELY,0.0010341383647112334
ANDREW-HARRIS,2.3475514141363472e-06
NICK-KYRGIOS,0.00044019951057339173
CLEMENT-MAAS,0.0
NICOLAS-PASTOR,0.0006605547989861366
FRANKO-MIOCIC,1.6433555465801904e-06
MISLAV-HIZAK,0.0
ALBAN-MEUFFELS,7.654002696040126e-06
LENNERT-VAN-DER-LINDEN,0.0
DENNIS-LAJOLA,7.366864648637354e-05
CLAYTON-ALMEIDA,5.176087662428276e-07
DENNIS-NOVIKOV,0.000996464630729067
TAKANYI-GARANGANGA,0.0013603716437125793
MAXIMILIANO-ESTEVEZ,1.4630076767917083e-06
KEVIN-KONFEDERAK,0.0
MAXIME-TCHOUTAKIAN,4.5224144358359276e-07
MARTIN-VAISSE,2.928383885767329e-06
DAVID-OHARE,9.329532653585315e-07
MARCO-AURELIO-NUNEZ,0.0
CHRISTOPHER-DIAZ-FIGUEROA,0.0
DARIAN-KING,2.1395249798439686e-05
PATRICK-DAVIDSON,1.397661645665712e-05
REID-CARLETON,0.0
HAMAD-ABBAS-JANAHI,6.0702671475833e-07
HAYTHEM-ABID,1.8643317745833556e-07
ABDELKADER-BENABDELLAH,0.0
ERIC-SCHERER,0.0
AYOUB-CHAKROUNI,0.0
KHALID-ALLOUCH,2.169516767194382e-05
MILIAAN-NIESTEN,0.0
NICHOLAS-NAUMANN,1.037481176679208e-05
AMRIT-NARASIMHAN,0.0
JOSHUA-ZAVALA,0.0
SEBASTIEN-COUBERES,0.0
GUILLAUME-COUILLARD,0.0
JORDI-SAMPER-MONTANA,0.00020685024196255623
ORIOL-ROCA-BATALLA,5.23282235970116e-05
ROBERTO-CARBALLES-BAENA,0.002286897889184949
VASILE-ALEXANDRU-GHILEA,2.9734825726042715e-06
DRAGOS-DIMA,1.37648819246212e-05
MICHAL-KONECNY,0.0007460910321183391
SEBASTIAN-KRAILA,0.0
CHRISTIAN-MARIAN,0.0
ANDREI-STEFAN-APOSTOL,5.191656022940128e-06
MICHAEL-LINZER,0.00014484958876913138
MIKI-JANKOVIC,2.3325042861319868e-05
MARKO-RAJIC,0.0
MATEJ-SABANOV,0.0
DJORDJE-DJOKOVIC,2.8182926804050825e-05
BORIS-CONKIC,0.0
PEDJA-KRSTIN,0.0014930622563276486
IVAN-SABANOV,0.0
JAMES-MCGEE,0.0015139483152990653
ENRIQUE-LOPEZ-PEREZ,0.000503450821633763
JOAO-BARRA,1.0688664112891494e-07
HENRIQUE-SOUSA,8.075940246480382e-06
ROMAIN-BARBOSA,8.868600226066072e-07
GONCALO-LOUREIRO,0.0
ARTUR-COMPLETO,1.8977431065289066e-06
ALEXANDER-RITSCHARD,0.0007704610135039908
LADO-CHIKHLADZE,0.0
MAXIMILIAN-KOLLERITSCH,0.0
VALENTINO-PEST,0.0
ADAM-SANJURJO-HERMIDA,1.2327161116917925e-07
HASIER-PASTOR,0.0
MARCO-CECCHINATO,0.005589859655985434
ANDREW-FITZPATRICK,3.2533658189250725e-07
KEELAN-OAKLEY,1.222831204053671e-05
JAMIE-WHITEFORD,0.0
MATTHEW-PIEROT,0.0
KIMMER-COPPEJANS,0.0008821199092949181
DAVID-PEL,0.0
KIRILL-DMITRIEV,6.964372553555544e-06
JOSHUA-WARD-HIBBERT,1.7633765973484646e-07
JONNY-OMARA,1.3596924380524984e-06
KYLE-EDMUND,0.0005096930076896889
LUKE-BAMBRIDGE,4.640006680582276e-06
ISAK-ARVIDSSON,0.002063052815233566
KALLE-AVERFALK,0.0
IGOR-TUBIC,0.0006615892054805233
PHOTOS-KALLIAS,0.0
GIORGIO-PORTALURI,0.0
JOHAN-BACKSTROM,4.824150686691606e-07
BRANDON-BURKE,0.0
RISHABH-MEHRA,0.0
BLAZ-SERIC,0.0013184717930786152
JEREMY-JAHN,4.809110060184792e-07
CHRISTIAN-WICKENHAUSER,0.0
PASCAL-MEIS,2.0900149459068924e-05
YANNICK-OFFERMANS,0.0
IVAN-GOMEZ-MANTILLA,0.0
WALTER-TRUSENDI,1.4096197176534898e-05
IVO-MIJIC,8.588024248795225e-07
JOSE-ANTONIO-SALAZAR-MARTIN,2.428986828702387e-06
MATIAS-CASTRO,4.997935573057995e-06
SASO-BENDE,0.0
ALEXANDR-KUSHAKOV,7.228439528653578e-05
FILIP-SERDARUSIC,0.0
LUCA-MARGAROLI,0.00024514739263572426
IGNACIO-TABOADA,0.0
NATHAN-PASHA,5.912223447010411e-06
JUDD-MOTZ,0.0
DEAN-OBRIEN,2.0419603867578035e-05
BRADLEY-COX,0.0
LUIZ-INAIMO,0.0
CHRISTOPHER-EUBANKS,1.345295963486374e-05
JUAN-CARLOS-SPIR,1.6023509674406448e-05
ERIC-SOCK,1.3278668903208889e-06
DAVID-SPAN,0.0
FRANCESCO-VILARDO,2.893659498039301e-05
ALEXANDROS-JAKUPOVIC,0.0
DIMITRI-BRETTING,0.0
FEDERICO-VALSANGIACOMO,0.0
DAMIANO-DI-IENNO,3.774310849930876e-06
CLAUDE-BENZ,0.0
MAXIM-DUBARENCO,0.001367627794665303
JAN-SUBOTA,0.0
NICOLAS-MEISTER,0.0006992488427853069
JEFF-DADAMO,1.8837656559458852e-05
RAYMOND-SARMIENTO,6.090401606704936e-07
EGOR-PUNTUS,0.0
ANDRE-DOME,0.0
FILIP-PELIWO,2.573669606434057e-05
JOHN-HARRISON-RICHMOND,0.0006591957811470005
DAVID-HOPKINS,0.0
AMOGH-PRABHAKAR,0.0
MITCHELL-KRUEGER,6.360153545655632e-05
MAREK-MICHALICKA,0.00012933565854474977
JULIO-CESAR-CAMPOZANO,0.0006944854346186619
ALEXIOS-HALEBIAN,0.0
UGO-NASTASI,1.0032083304915372e-06
LAURENT-MALOULI,0.0
GLEB-SAKHAROV,5.600497160114111e-07
HUGO-SCHOTT,6.104784917735545e-06
EMMANUEL-GREFF,9.626898225919192e-07
SEBASTIEN-BOLTZ,0.0
JEAN-PASCAL-VERNET,2.7419185278570653e-07
NIKOLAI-FIDIRKO,0.0006644569131923552
NIKITA-GUDOZHNIKOV,6.106071086706926e-07
VOLODOYMYR-UZHYLOVSKYI,3.0360803987734885e-05
EGOR-GERASIMOV,0.00023621607555913336
VUGAR-ALIEV,0.0
ANTON-ZAITCEV,0.0007464987107421059
TIMOFEY-SKRIPKIN,0.0
ASLAN-KARATSEV,0.0010459392744384833
ARTUR-GUSEV,2.501415027374554e-06
PRUCHYA-ISAROW,4.564547293834092e-05
POL-WATTANAKUL,0.0006726178691778814
NUTTANON-KADCHAPANAN,0.000661277291247093
NATTAN-BENJASUPAWAN,0.0
GRITTABOON-PRAHMANEE,0.0
TEERADON-TORTRAKUL,0.0
CHAYANON-KAEWSUTO,0.0006618928838798397
KOVIT-RATANAPHET,0.0
SYED-MOHD-AGIL-SYED-NAGUIB,8.751114325357558e-05
MOHD-ASSRI-MERZUKI,2.711198902369581e-06
COLIN-WEI-MING-WONG,0.0
KAICHI-UCHIDA,0.0
SHUICHI-SEKIGUCHI,2.1819908801313913e-05
ZHIZHEN-ZHANG,9.961171599369451e-05
XIN-GAO,1.2149598600393545e-06
YU-CHENG-LI,0.0
ALEKSANDR-NEDOVYESOV,0.001173883445850459
ALEXANDER-VASILENKO,0.0006833937710083519
EVGENY-ELISTRATOV,0.001321965221842335
ROBERTO-MARCORA,0.00031207969382123115
JONATHAN-MRIDHA,0.0013238301067518422
ELIAS-YMER,0.0006147727303513572
CLAUDIO-GRASSI,0.0
CHRISTOFFER-SOLBERG,0.0
MARKUS-SCHULTZ,0.0
ANTE-TEPIC,0.0
ELLIOT-CARNELLO,0.0
ANTON-WAERN,0.0
PASCAL-BRUNNER,0.0006596414636161987
LUCAS-MIEDLER,4.221183041987565e-05
FILIP-HAVAJ,0.0
MARIO-VILELLA-MARTINEZ,2.6174355509125665e-05
VIJAYANT-MALIK,5.935902622696689e-07
SAKETH-MYNENI,0.00025050068646525526
SIDHARTH-RAWAT,4.084197839179763e-06
ARJUN-KADHE,0.0
ELWIN-ANTONY,0.0
ASHWIN-VIJAYRAGAVAN,0.0
ALI-AL-SAYGH,2.2154230326242674e-07
CAMERON-NORRIE,0.00047628386566389417
SAM-MATHESON,0.0
ENRICO-BECUZZI,2.0542408633739524e-05
JAY-ANDRIJIC,0.0
SIMON-EDE,8.320792262432168e-07
JORDAN-THOMPSON,6.292944000484606e-05
JOHN-PEERS,0.0001396096332872615
LUCAS-POUILLE,0.0022034029105193415
JACOB-GRILLS,7.687924875564976e-07
THANASI-KOKKINAKIS,0.0024611112570763756
IVAN-ARENAS-GUALDA,2.6433134398425304e-06
JULES-MARIE,1.2456193876968606e-05
TAK-KHUNN-WANG,2.2270091267780335e-06
DAVID-PEREZ-SANZ,1.9218156569645816e-06
ELIE-ROUSSET,1.1926009173439768e-05
YANNICK-JANKOVITS,6.191329058211627e-05
CHRISTIAN-GARIN,0.0003320096964253996
NICOLAS-JARRY,0.00025335862138895697
BASTIAN-MALLA,0.0006593534291224853
BORNA-CORIC,0.000417116119782269
DUJE-KEKEZ,0.0006886373623188655
MLADEN-MITAK,0.000664436559277009
FABIAN-VAN-DER-LANS,0.0
JASON-JUNG,0.0008897058217985341
BORIS-NICOLA-BAKALOV,0.0
STEFANO-TRAVAGLIA,0.00011744975874945294
JUAN-IGNACIO-GALARZA,2.9750118548642903e-06
MAXIME-CHAZAL,9.934626649259011e-05
CONNOR-GLENNON,0.0006591957811470006
MIGUEL-ANGEL-REYES-VARELA,2.6749559241269204e-05
NICOLAS-BARRIENTOS,0.0003364780986030376
JARED-HILTZIK,0.0
JUAN-ROCHA,0.0
DEITON-BAUGHMAN,0.0006593153041772839
YOSHIHITO-NISHIOKA,0.001256611154129216
OMAR-EL-HIZAZ,0.0
MOHAMED-ALI-KRAIMI,0.0
YOUSSEF-TAMIMOUNT,0.0
MOHAMED-ADNAOUI,3.307345937551359e-06
SOUFIANE-SAHLI,0.0
DAVID-WARREN,1.223656141413125e-06
BAYO-PHILIPS,2.4287073074035943e-06
VULLNET-TASHI,0.0
CONNOR-CURRY,0.0
ROMAIN-ARNEODO,2.0854786370834002e-06
POL-TOLEDO-BAGUE,1.1928406275898849e-06
PATRICK-CIORCILA,0.0
MORITZ-BAUMANN,3.613128490521615e-06
KEVIN-KACZYNSKI,0.0
MAXIMILIAN-DINSLAKEN,2.4380468024798615e-05
STEVEN-MONEKE,5.027502476087582e-07
FELIPE-CUNHA-SILVA,1.2660252888408753e-05
ANDRE-GASPAR-MURTA,0.000682903992633139
RODOLFO-PEREIRA,0.0
RICHARD-BECKER,3.532075276997281e-06
IVAN-BJELICA,0.0
ARTHUR-DE-GREEF,0.0006987691878903763
JOZEF-KOVALIK,0.0019458254095968282
QUENTIN-HALYS,6.770205537458595e-05
JOHAN-TATLOT,1.3329488935345114e-05
CALVIN-HEMERY,0.00021505872253030768
HARRY-BOURCHIER,0.0006800307274983578
OMAR-JASIKA,3.933991427864877e-05
BRADLEY-MOUSLEY,5.852655662722565e-06
WESLEY-KOOLHOF,5.811426043954076e-06
LENNART-ZYNGA,3.265914590353376e-05
JAMES-IRELAND,0.0
PIOTR-GADOMSKI,0.0
ROBERT-CARTER,0.0
STEFAN-STERLAND-MARKOVIC,0.0
MILES-BUGBY,8.424537313223627e-07
ADAM-THORNTON-BROWN,1.2874257477079497e-05
VITALII-SHCHERBA,3.757589273616747e-05
STEPHAN-FRANSEN,5.405708895943432e-07
EVAN-HOYT,4.215873291203296e-06
RICHARD-GABB,3.493370114361471e-06
DANIEL-WINDAHL,0.0001495911504574047
JOACHIM-BJERKE,1.2499997150990933e-06
FILIP-KARLSSON,0.0
NIMA-MADANI,0.0
MORGAN-JOHANSSON,9.667686979066828e-08
PHILIP-MOEBIUS,0.0
STEFAN-KOZLOV,4.320145586163258e-05
JARED-DONALDSON,0.001374028511885448
CHRISTO-SCHULTZ,0.0
TAKURA-HAPPY,0.000345715764641003
KRASIMIR-KOLEV,0.0
VICTOR-SCHMID,0.0
ALEXANDER-MANNAPOV,1.5275430650519516e-07
ADRIANO-QUINTI,0.0
LUKAS-WINKELMANN,0.0
NICOLAS-ERNST,0.0
EMILIO-GOMEZ,0.000814085436683611
EDUARDO-STRUVAY,0.0007321811734984279
FELIPE-ROJAS,1.2389670618290254e-06
FELIPE-MANTILLA,0.0
MARCELO-AREVALO,0.0007573426515128586
SERGIO-GALDOS,3.277342014960524e-05
PEDRO-PABLO-RUIZ,0.0
MATEO-ANDRES-RUIZ-NARANJO,0.0006652324419277454
BARLAHAM-ZULUAGA-GAVIRIA,0.0
DANIEL-ELAHI-GALAN,0.0006620843332875331
FINN-MEINECKE,0.0
FLORIAN-BARTH,8.979263090974124e-08
FREDERIK-PRESS,0.0
NATHAN-RAKITT,1.8810075537205352e-06
WILSON-LEITE,0.0006978239825261778
LOIC-PERRET,1.6081062006227414e-05
CARLOS-EDUARDO-SEVERINO,3.819413881501277e-05
ALEJANDRO-MENDOZA,8.821440539484814e-06
THIERRY-ROGGI,1.4049696088279596e-05
JACOB-KAHOUN,6.219208319627793e-07
STEFAN-FIACAN,1.6901853096541842e-06
MIHA-MLAKAR,0.0006591957811470006
TOM-KOCEVAR-DESMAN,0.00012862286726868957
TOMISLAV-DRAGANJA,1.0883922519135117e-06
LUKA-ZANINOVIC,2.7409516716339955e-06
TILEN-ZITNIK,0.0
NINO-SERDARUSIC,9.161032278078898e-05
ANDRES-ARCE,0.0
MATEJ-SVJETLICIC,0.0
TIHOMIR-GROZDANOV,0.000665357411452658
LORENZO-GIUSTINO,0.0008356379504091982
JOY-VIGANI,0.0
DOMINIC-WEIDINGER,0.0
MATTHIAS-HAIM,7.426449606786084e-07
TOMMY-MYLNIKOV,0.0
MACKENZIE-MCDONALD,2.979094403156037e-05
ROMAIN-BOGAERTS,0.0
PEDRO-DUMONT,0.0
ADAM-LEE,1.7846009024155418e-06
KEITH-PATRICK-CROWLEY,0.0
AWS-LAARIBI,0.0
STRONG-KIRCHHEIMER,0.0
COLLIN-ALTAMIRANO,2.680703852701988e-07
TIM-PUETZ,0.0001957425215670046
GAGE-BRYMER,0.0
NOAH-RUBIN,0.0014520082798883986
SASCHA-MEIS,0.0
HUGO-PERRIN,0.0
KAREN-KHACHANOV,0.0004946636832692289
KIRILL-SAPLIN,0.0006591957811470006
MIKHAIL-VAKS,0.0006591957811470006
FEDOR-CHERVYAKOV,0.0007182280315530036
ALEXANDER-IGOSHIN,0.0006891105179233212
VLADIMIR-POLYAKOV,9.97111762559039e-06
DMITRII-DOSUZHEV,0.0
STEPAN-KHOTULEV,0.0
VLADIMIR-IVANOV,0.0006707170260152672
ARTUR-MADZHAR,0.0
PAVEL-ZELENKIN,0.0
TEIMOURAZ-METREVELI,0.0
VITALIY-KACHANOVSKIY,0.0
TIMUR-RAZMAITOV,0.0
LASLO-DJERE,0.0001282648005044254
SUK-YOUNG-JEONG,0.0
JUI-CHEN-HUNG,3.5500269402654074e-06
PUNNAKRIT-KRITAKARA,0.0006591957811470006
WATCHARAPHONG-IAM-LA-OR,0.0
HUFU-WANG,0.0
HYEON-CHUNG,0.0003160160244343316
JI-SUNG-NAM,5.371947604190903e-07
MUHAMMAD-ASHAARI-BIN-ZAINAL-ABIDIN,3.3794754972358205e-05
ABDUL-HAZLI-ZAINUDDIN,0.0
BUMPEI-SATO,9.512361004135429e-06
KEVIN-KUNG,0.0
BOWEN-OUYANG,2.6233452882592438e-05
HAO-ZHANG,0.0
AORAN-WANG,0.0006611706676541008
SIYU-LIU,3.2140214145161e-06
ZHAO-CAI,0.0
ROMAN-JEBAVY,1.897953762394472e-05
ILYA-VASILYEV,2.6213466235777956e-05
ALEXEY-VATUTIN,0.00038163607968728507
DANIIL-MEDVEDEV,0.00045490733900790736
ANDREY-RUBLEV,0.001496210370370944
NEAL-SKUPSKI,1.17431905249571e-05
BORIS-POKOTILOV,0.0
CONSTANT-LESTIENNE,0.0016380593579796237
HERKKO-POLLANEN,0.0
PHILIP-LANG,0.00030003797071845285
LUKAS-JASTRAUNIG,0.0006603261355512738
JAN-POSKOCIL,0.0
MARCO-PROCHAZKA,0.0
JOHANNES-SCHRETTER,0.0
DANIEL-EGER,0.0
MARIO-HAIDER-MAURER,0.0
OLIVER-CERANIC,0.0
MARIUS-PIMISHOFER,0.0
ERIK-CREPALDI,5.803323438337171e-06
ANDREW-WHITTINGTON,0.0006710844952043346
SASI-KUMAR-MUKUND,0.00065985481970149
SUMIT-NAGAL,0.0
KARIM-HOSSAM,0.0
TARO-DANIEL,0.0019951949247184694
ABDULLA-AL-MOHAMOUD,0.0
ABDULLAH-SHANNAN-ALHARRASI,0.0
JASSEM-AL-ZEYARA,1.3700576600516552e-06
ABDULLA-AL-JUFAIRI,0.0
RHETT-PURCELL,7.616561473172085e-05
ENZO-COUACAUD,6.279245846174951e-05
ALEXANDER-KLINTCHAROV,2.5612898036176064e-07
BEN-MCLACHLAN,9.890736321256195e-07
DANIEL-BROWN,0.0
BLAZ-ROLA,0.0007130712425239277
GERMAIN-GIGOUNON,7.7761741517309e-05
MARC-POLMANS,1.8293397149467877e-06
LIANG-CHI-HUANG,0.00016342568530626245
AKIRA-SANTILLAN,3.57328744231797e-06
BLAKE-MOTT,9.241199376497019e-06
LAURENT-LOKOLI,0.0006748996346718569
RUDY-COCO,0.0
MAXIME-JANVIER,7.076028855330146e-06
ALESSANDRO-BEGA,0.0
BASTIEN-FAVIER,0.0
KEVIN-BOUMLIL,0.0
DIEGO-VIVES,0.0
DAVID-FLEMING,0.0
JOAO-RIQUELME,0.0
FELIPE-GARCES,0.0
MYROHN-MIRANDA,0.0
STEFANO-NAPOLITANO,4.233544261675712e-05
GIANLUIGI-QUINZI,9.053971327797733e-06
ADRIAN-SIKORA,6.514481892225055e-06
SALVATORE-CARUSO,1.540253716748626e-05
DAVID-SOUTO,5.973300425671148e-07
HUGO-DELLIEN,0.0006623229338263968
JOAN-MARC-GRIMAL-FERRER,1.2661511346066738e-06
IAN-CHADWELL,0.0
CEDRIC-DE-ZUTTER,0.0
DAVID-OLEARY,0.0
PEDRO-SAKAMOTO,2.2341565269263836e-06
IVAN-ENDARA,0.0006656691605463464
ZACHARY-PELTS,0.0
DANIEL-KERZNERMAN,5.775214839940115e-06
ALVARO-OCHOA,0.0
JAKUB-WOJCIK,0.0
CHIEH-FU-WANG,0.0
MARCELO-ZORMANN,0.0
TIGRE-HANK,1.7767997808103017e-06
ALEXANDRE-TSUCHIYA,2.258429943407883e-05
JOAO-WALENDOWSKY,0.0006591957811470005
IDIO-ESCOBAR,0.0
CHARLES-COSTA,0.0
EDUARDO-DISCHINGER,0.0
MARCOS-VINICIUS--DIAS,0.0
OSNI-JUNIOR,0.0
VICTOR-HUGO-PORTUGAL-PEREIRA,0.0
NIZAR-BELMATI,0.0
SRIKAR-ALLA,0.0006591957811470007
ADAM-GUSTAVSSON,0.0
ANDREI-PATRUI,7.16867465786979e-07
ANDRAS-SZEKELY,0.0
ADRIAN-OBERT,0.0
DUARTE-VALE,1.873672052790402e-05
DAVID-VEGA-HERNANDEZ,0.001984270971643383
ALESSANDRO-PETRONE,0.0
EDUARDO-LAMEIRAS,0.0
MATTEO-DONATI,0.001277325063452848
MANUEL-PENA-LOPEZ,1.8087776016554326e-07
SCOTT-NICOLAS,0.0
PHILIPP-SCHOLZ,0.0
MATS-MORAING,5.4895860199057365e-05
MATTHIAS-WUNNER,0.0
REMI-BOUTILLIER,5.0362839014417604e-05
MYLES-ORTON,1.5405557133656214e-06
HARRY-SKINNER,0.0
ALEXANDER-JHUN,0.0
MICHAEL-GRANT,2.1822025854039682e-05
SANDER-GROEN,0.0
JATHAN-MALIK,7.941441500096125e-06
SCOTT-CLAYTON,0.0
HENRIK-SILLANPAA,2.0880261009366304e-06
MIKAEL-YMER,1.4657130288301927e-05
CARL-SODERLUND,0.0006683825365026714
GUSTAV-HANSSON,0.0
GERARDO-LOPEZ-VILLASENOR,4.5401327298552457e-07
SARVAR-IKRAMOV,0.0
SANDOR-NOSZALY,0.0
JAN-CHOINSKI,3.910678866241175e-05
JONAS-LUETJEN,0.0
JOAO-PEDRO-SORGI,4.3146847101678284e-07
ISA-MAMMETGULYYEV,0.0
SEBASTIAN-BUEHLER,0.0
JOSE-FERNANDO-CARVAJAL-TORRES,3.61350634502399e-07
PABLO-TELLEZ,0.0
MANUEL-ARIAS,0.0
STEFFEN-ZORNOSA,0.0
SEBASTIAN-LOPEZ,0.0
JUAN-ESPINEL,0.0
JUAN-MONTES,0.0006613077792795069
TIM-NEKIC,0.0
NICO-MATIC,0.0
LUKAS-RUEPKE,0.0
DEMIAN-RAAB,6.188806542602628e-07
FACUNDO-MENA,0.0008302067097993355
RYAN-SHANE,2.906772309066789e-05
BECKER-OSHAUGHNESSEY,1.4101988726307539e-06
FRANCES-TIAFOE,0.00027571124435380704
KOREY-LOVETT,0.0
FEDERICO-ZEBALLOS,3.99040478098552e-06
JESSY-KALAMBAY,1.247790667649414e-06
VADIM-ALEKSEENKO,7.732610144929606e-06
DANIEL-VALENT,0.0
GLEB-ALEKSEENKO,6.580866523251709e-06
SIMEON-ROSSIER,8.352499702659257e-06
MATIJA-PECOTIC,0.0006621569564695344
NIKOLAS-WALTERSCHEID-TUKIC,0.0
MILE-CILIC,0.0
TOMISLAV-TERNAR,0.0
STJEPAN-CAGALJ,1.576271830635492e-06
DEKEL-BAR,0.0
ALEXANDER-ERLER,3.5697395080039676e-06
JORDI-ARCONADA,2.8562614069885663e-07
JUSTIN-S-SHANE,0.0
BRAYDEN-SCHNUR,0.0005732795704262815
ERIC-VEHOVEC,0.0
DAVID-VOLFSON,1.831797376963288e-07
DEVIN-MCCARTHY,0.0
JONATHAN-HO,0.0006595053209557226
QUINNTON-VEGA,0.0
ANTHONY-DELCORE,0.0
MAKSIM-KAN,0.0
ERNESTO-ESCOBEDO,0.0007428609030187142
TAYLOR-FRITZ,0.0006902879230994357
CORENTIN-MOUTET,1.3747112621158297e-05
GREGOIRE-BARRERE,7.249433289918814e-05
SAM-BARRY,4.960141763495304e-06
KARL-WEGNER,0.0
JAN-OLIVER-SADLOWSKI,0.0
TAKUTO-NIKI,0.0007090741533997495
HAO-SHENG-KOAY,0.0
STEFAN-MERUNKA,0.0006607677325993711
JOE-COOPER,0.0
MITHUN-MURALI,0.0
RIGELE-TE,3.490363943342982e-06
JIACHENG-ZHU,8.487995424879011e-07
ZHUOYANG-QIU,0.0006619717030245338
ZHUO-ZHANG,0.0
YECONG-HE,1.0792489062490149e-05
ZHICHENG-ZHU,2.3402960501426767e-05
XIAO-GONG,0.0
ZHAO-TAI-LI,0.0
YUSUKE-WATANUKI,0.0
YUSUKE-TAKAHASHI,0.0
NAOKI-NAKAGAWA,0.0
ZHAOYI-CAO,0.0
YARASLAV-SHYLA,3.923441724056705e-05
ALEXANDER-BUBLIK,5.658524333617958e-05
CARLOS-GARCIA-VILLANUEVA,0.0
VINAYAK-SHARMA-KAZA,1.0646608674097265e-06
RASWANT-RAVI,0.0
RAHUL-ROBINSON-MANOAH,0.0
FAHAD-MOHAMMED,0.0
LAKSHIT-SOOD,0.0
NIKI-KALIYANDA-POONACHA,0.0
SURAJ-R-PRABODH,0.0
CHANDRIL-SOOD,0.0
YAHOR-YATSYK,3.572182126355884e-06
ISSA-SHANAN-AL-HARRASI,0.0
CHRISTOPHER-OCONNELL,0.0
ADAM-PAVLASEK,0.000236395660726399
THOMAS-LAURENT,0.0
GEOFFREY-BLANCANEAUX,2.6818522227453937e-07
CLAUDIO-FORTUNA,0.0
GONZALO-ESCOBAR,2.2953249619333423e-07
MAURICIO-ECHAZU,0.0
PEDRO-BERNARDI,0.0
RYUSEI-MAKIGUCHI,0.0
DOMAGOJ-BILJESKO,2.428551607331243e-06
MICHAEL-MMOH,4.172779651048034e-05
DANIEL-NGUYEN,0.000135417314574811
JARRYD-WOOG,2.8198666581361853e-07
GUY-DEN-HEIJER,0.0
JELLE-SELS,0.0
NIELS-LOOTSMA,0.0
FABRICIO-NEIS,2.737926505872261e-06
CAIO-SILVA,0.0
MARTIN-CUEVAS,0.0
NICOLAS-KICKER,5.144747864682531e-05
TEMUR-ISMAILOV,0.0
PATRICK-DACIEK,6.959202293666994e-08
LANCE-COHEN,0.0
JAUME-PLA-MALFEITO,5.740151699790057e-07
THALES-TURINI,0.0
ALAN-NUNEZ-AGUILERA,0.0
THEO-FOURNERIE,0.0
ANTONIONI-FASANO,0.0
AITOR-ARAMBURU,0.0
FRANCISCO-BAHAMONDE,0.0006591957811470006
LUCIANO-DORIA,0.0
FRANCO-FEITT,0.0
HERNAN-CASANOVA,1.382013530561731e-07
MARTIN-RONDINA,0.0
MAURICIO-PEREZ-MOTA,0.0
JUAN-MANUEL-MATUTE,0.0
JUAN-IGNACIO-ILIEV,0.0
YOUNG-SEOK-KIM,0.0
PEDRO-CACHIN,0.00080742558957479
JUAN-PABLO-PAZ,2.506314473944093e-06
MATIAS-RODOLFO-BUCHHASS,0.0
JEAN-MARC-WERNER,0.0
MEHDI-JDI,0.0
MAXIME-HAMOU,1.8538856455676062e-06
FLORENT-DIEP,0.0
TAHA-TIFNOUTI,1.5047691368025523e-06
LUCAS-CATARINA,6.107124135478337e-07
JAUME-MUNAR,0.0009133923537609813
EDUARD-GUELL-BARTRINA,0.0
VASILE-ANTONESCU,7.221505589699304e-06
VICTOR-VLAD-CORNEA,2.2541147747763508e-06
BOGDAN-IONUT-APOSTOL,2.719043833876982e-07
YANNICK-THIVANT,0.0006591957811470006
NUNO-DEUS,1.9992680495476103e-06
JORDI-MUNOZ-ABREU,0.0006591957811470006
GONCALO-ANDRADE,0.0
TIAGO-LOURENCO,0.0
JOAO-ANTONIO,0.0
MIGUEL-SEMEDO,0.0
CEM-ILKEL,3.096177411014719e-06
EFE-YURTACAN,4.684461542948262e-06
BARKIN-YALCINKALE,0.0
ALTUG-CELIKBILEK,0.0
TUNA-ALTUNA,0.0
SARP-AGABIGUN,2.89203756122587e-06
ALEKSANDRE-METREVELI,5.505448899417063e-07
DIMITAR-KUZMANOV,1.7423484438275947e-06
ROBERTO-AFFONSO,0.0006591957811470006
LOUIS-WESSELS,4.039980871533493e-07
ALEXANDER-BRAUN,0.0
JOHANNES-HAERTEIS,6.352644773421567e-07
SEBASTIAN-PRECHTEL,0.0
GIANLUCA-MAGER,0.0
SEVAN-KELPETINDJIAN,0.0
GONCALO-OLIVEIRA,0.0
NICOLAS-DANIEL-OLGUIN,0.0
MAX-DE-VROOME,0.0
TOM-SCHONENBERG,8.828101431869547e-05
CONNOR-SMITH,1.6861004116436262e-06
ALEXANDER-SARKISSIAN,0.0019458797845517705
DMITRO-KAMYNIN,0.0
ARTHUR-SURREAUX,0.0
NICHOLAS-S-HU,0.0
TOM-JOMBY,0.0
DRAGOS-NICOLAE-MADARAS,1.7961329610663683e-06
DANIEL-APPELGREN,8.101265337585195e-06
ROBIN-STANEK,0.0
SAM-TAYLOR,0.0
ANDRE-GORANSSON,0.0
OSCAR-MESQUIDA-BERG,0.0
STEFAN-LINDMARK,0.0
ALEJANDRO-GOMEZ,0.00014471864135533408
JUAN-SEBASTIAN-GOMEZ,0.0006611164726468083
RICARDO-PABON-CUESTA,0.0
DANIEL-MORA,0.0
JOSE-DANIEL-BENDECK,0.0
JESUS-FRANCISCO-FELIX,0.0
JUAN-JOSE-MATEUS-RUBIANO,0.0
RODRIGO-ECHAVARRIA,0.0
CAMILO-ANDRES-ERAZO,0.0
DMITRY-SURCHENKO,1.5009491114806103e-05
FRAN-ZVONIMIR-ZGOMBIC,0.0
PIETRO-LICCIARDI,0.0
PATRIK-SUDIC,0.0
DENIS-BEJTULAHI,0.0
TRENT-BRYDE,1.761612855144817e-06
EVAN-SONG,5.307573714539402e-07
TOMMY-PAUL,0.0007813007796840856
WALKER-DUNCAN,0.0
REILLY-OPELKA,6.684027850481092e-05
TOMAS-LIPOVSEK-PUCHES,1.723359993887384e-05
DANIEL-MASUR,2.7934235968438166e-06
LENNY-HAMPEL,8.499946008506517e-06
JANNIS-LINIGER,0.0
FRANCOIS-ARTHUR-VIBERT,0.0
ISADE-JUNEAU,0.0
SKANDER-MANSOURI,0.0006611686165255134
KEIVON-TABRIZI,0.0
CHRISTIAN-SERAPHIM,0.0
SAM-BLOOM,0.0
DAMON-GOOCH,0.0
JAN-SATRAL,8.831438508656231e-05
SADIO-DOUMBIA,1.1094275654604374e-06
GREGOIRE-JACQ,0.0
TERI-GROLL,1.4777367039303728e-05
EVGENY-TYURNEV,6.221345977846218e-05
KIRILL-KIVATTSEV,0.0
ALEXANDER-PERFILOV,0.0
ALEKSEI-KHOMICH,0.0
PAVEL-SHCHAYA-ZUBROV,0.0
ALEXANDER-OVCHAROV,0.0
VITALY-KOZYUKOV,0.0
PHILIPP-KLIMOV,0.0
CONGSUP-CONGCAR,0.0
CHEONG-EUI-KIM,0.0
CHRISTIAN-OLIVER-LEE,0.0
ZACH-ITZSTEIN,0.0
EDWARD-BOURCHIER,0.0
ROY-HOBBS,0.0
FAJING-SUN,0.00019747555933817478
NICHOLAS-REYES,0.0
HAITONG-XIA,1.6440084167192774e-06
DUCKHEE-LEE,1.5164882628982315e-05
LONG-CHEN,0.0
CHUNG-HYO-WOO,3.6933028607779883e-07
IVAN-DENISOV,0.0
FILIP-HORANSKY,5.290403122622922e-07
BERNABE-ZAPATA-MIRALLES,7.038827767678335e-06
MAGNUS-ERIKSSON,0.0
DMYTRO-BADANOV,0.0
ANTOINE-BELLIER,1.4141263595947223e-06
CARLOS-TABERNER,0.0006591957811470006
IVAN-GAKHOV,0.0
NICOLA-KUHN,0.0
JORDAN-CORREIA,0.0
PEDRO-MARTINEZ,1.3894742394202044e-06
OLIVER-ANDERSON,2.5088351654678898e-05
MUBARAK-SHANNAN-ZAYID,0.0
ALEKSANDAR-VUKIC,7.963040656459592e-07
MAYEZ-JUPITER-ELRICH,0.0
BLADE-FONG,0.0
ALEX-DE-MINAUR,0.0
DMITRY-POPKO,1.5617863998546427e-05
ROBERTO-QUIROZ,0.0
ALEXANDAR-LAZAROV,0.0
TALLON-GRIEKSPOOR,0.0
TIM-VAN-RIJTHOVEN,6.866347211582929e-05
EDOARDO-TESSARO,0.0
CLEMENT-LARRIERE,0.0
ORLANDO-LUZ,1.8181987491261414e-07
LUCAS-GOMEZ,8.309865422773e-08
HANS-HACH-VERDUGO,0.0
ANDRES-ZEPEDA,0.0
ROY-DE-VALK,0.0
CASPER-RUUD,3.9081195904861943e-07
AMINE-AHOUDA,0.0
FLORIAN-VALSOT,0.0
BOGDAN-BORZA,0.0
ALVARO-LOPEZ-SAN-MARTIN,0.0
GEORGI-RUMENOV-PAYAKOV,0.0
LORENZO-SONEGO,1.0842758157538604e-06
OMAR-GIACALONE,0.0
ANDREA-VAVASSORI,0.0
JOHAN-NIKLES,6.1598078639941415e-06
CORENTIN-DENOLLY,0.0
VIKTOR-DURASOVIC,0.0
RYAN-JAMES-STORRIE,0.0
JAY-CLARKE,0.0
LLOYD-GLASSPOOL,1.974560471504138e-06
ILYA-IVASHKA,7.3222242847640995e-06
MARKO-TEPAVAC,1.6677672607965912e-05
SCOTT-GRIEKSPOOR,9.366698395964524e-06
MARCO-BORTOLOTTI,3.19559054239751e-07
MARVIN-MOELLER,0.0
ROCCO-SAVIN,0.0
DENIS-SHAPOVALOV,3.490998238088402e-08
NIKITA-GIREY--DEMIR,0.0
ULISES-BLANCH,0.0
LEON-VESSELS,0.0
JACK-MINGJIE-LIN,0.0
CHRISTIAN-LAKOSELJAC,0.0
BENJAMIN-SIGOUIN,0.0
FELIX-AUGER-ALIASSIME,0.0
FERNANDO--CABRERA,0.0
CARLOS-RAMIREZ-UTERMANN,0.0
JUAN-IGNACIO-BATALLA,0.0
PETROS-CHRYSOCHOS,2.9511661905807954e-07
DENNIS-USPENSKY,0.0
YANNIK-REUTER,0.0006591957811470006
JORIS-DE-LOORE,7.334607224214555e-07
THAI-SON-KWIATKOWSKI,0.0
VASIL-KIRKOV,0.0
ADRIAN-ANDREEV,0.0
JULIEN-DUBAIL,0.0
MAXIM-KRAVTSOV,0.0
SOON-WOO-KWON,0.0
SU-HAO-ZHONG,0.0
MIKOLAJ-BORKOWSKI,0.0
YOSUKE-WATANUKI,0.0
YANNICK-MADEN,8.284941280600897e-07
ZIZOU-BERGS,0.0
VACLAV-SAFRANEK,0.0
STEFANOS-TSITSIPAS,2.557618856423648e-07
SEBASTIAN-OFNER,1.556199037591323e-07
