0,23,0.007905138339920948
1,21,0.004761904761904762
2,25,0.016666666666666666
3,20,0.005263157894736842
4,27,0
5,27,0.002849002849002849
6,22,0.004329004329004329
7,27,0.005698005698005698
8,23,0.007905138339920948
9,24,0.007246376811594203
10,26,0.003076923076923077
11,24,0.014492753623188406
12,25,0
13,29,0.0049261083743842365
14,28,0.010582010582010581
15,25,0
16,22,0.008658008658008658
17,25,0.01
18,19,0
19,20,0.005263157894736842
20,17,0
21,29,0
22,25,0.02
23,27,0.008547008547008548
24,23,0.011857707509881422
25,22,0.008658008658008658
26,21,0.004761904761904762
27,29,0.012315270935960592
28,25,0.0033333333333333335
29,21,0.009523809523809525
30,21,0
31,22,0.025974025974025976
32,21,0.023809523809523808
33,24,0.007246376811594203
34,29,0.009852216748768473
35,23,0.003952569169960474
36,21,0
37,24,0.010869565217391304
38,22,0.004329004329004329
39,20,0
40,28,0.010582010582010581
41,19,0.017543859649122806
42,25,0.006666666666666667
43,31,0.004301075268817204
44,23,0.003952569169960474
45,26,0.015384615384615385
46,20,0.005263157894736842
47,25,0.006666666666666667
48,19,0
49,20,0
50,25,0.006666666666666667
51,22,0.004329004329004329
52,28,0.0026455026455026454
53,23,0
54,20,0.010526315789473684
55,24,0.007246376811594203
56,22,0.012987012987012988
57,18,0
58,21,0.004761904761904762
59,27,0
60,27,0.002849002849002849
61,27,0.002849002849002849
62,28,0.007936507936507936
63,28,0.007936507936507936
64,31,0.012903225806451613
65,22,0.004329004329004329
66,27,0.008547008547008548
67,29,0.009852216748768473
68,21,0
69,21,0
70,24,0.014492753623188406
71,28,0.005291005291005291
72,25,0.01
73,26,0.006153846153846154
74,22,0.008658008658008658
75,21,0.023809523809523808
76,20,0
77,20,0.010526315789473684
78,27,0.002849002849002849
79,28,0.007936507936507936
80,24,0.007246376811594203
81,18,0.006535947712418301
82,30,0.006896551724137931
83,21,0.009523809523809525
84,26,0.006153846153846154
85,25,0.01
86,25,0.0033333333333333335
87,22,0.004329004329004329
88,26,0.006153846153846154
89,25,0.013333333333333334
90,25,0.0033333333333333335
91,23,0.007905138339920948
92,25,0.0033333333333333335
93,27,0.005698005698005698
94,24,0.010869565217391304
95,21,0.009523809523809525
96,25,0.006666666666666667
97,26,0.006153846153846154
98,24,0.0036231884057971015
99,26,0.009230769230769232
100,25,0.013333333333333334
101,26,0.009230769230769232
102,24,0.0036231884057971015
103,23,0.011857707509881422
104,20,0.010526315789473684
105,31,0.0064516129032258064
106,30,0.009195402298850575
107,22,0.004329004329004329
108,20,0.005263157894736842
109,20,0.005263157894736842
110,25,0.01
111,27,0.008547008547008548
112,24,0.007246376811594203
113,27,0.014245014245014245
114,30,0.006896551724137931
115,23,0.007905138339920948
116,24,0.007246376811594203
117,25,0.006666666666666667
118,23,0.019762845849802372
119,25,0.006666666666666667
120,28,0.007936507936507936
121,22,0.004329004329004329
122,25,0.0033333333333333335
123,31,0.0064516129032258064
124,26,0.003076923076923077
125,25,0.006666666666666667
126,22,0.008658008658008658
127,29,0.009852216748768473
128,19,0
129,27,0.002849002849002849
130,22,0.004329004329004329
131,26,0.009230769230769232
132,22,0.004329004329004329
133,21,0.014285714285714285
134,23,0.007905138339920948
135,26,0.015384615384615385
136,22,0.008658008658008658
137,27,0.005698005698005698
138,20,0
139,24,0.014492753623188406
140,24,0.010869565217391304
141,23,0.003952569169960474
142,23,0.011857707509881422
143,26,0
144,25,0.006666666666666667
145,22,0.008658008658008658
146,22,0.004329004329004329
147,27,0.002849002849002849
148,24,0.014492753623188406
149,31,0.0064516129032258064
150,25,0.013333333333333334
151,18,0.0196078431372549
152,24,0
153,29,0.014778325123152709
154,23,0.007905138339920948
155,25,0.013333333333333334
156,22,0.004329004329004329
157,31,0.010752688172043012
158,21,0.004761904761904762
159,22,0.017316017316017316
160,22,0.004329004329004329
161,22,0.017316017316017316
162,21,0.009523809523809525
163,21,0.009523809523809525
164,28,0
165,24,0.014492753623188406
166,27,0.002849002849002849
167,23,0.003952569169960474
168,21,0.009523809523809525
169,20,0.005263157894736842
170,28,0.005291005291005291
171,25,0.0033333333333333335
172,23,0
173,23,0.015810276679841896
174,34,0.008912655971479501
175,21,0.014285714285714285
176,23,0
177,22,0.012987012987012988
178,28,0.007936507936507936
179,28,0
180,27,0.002849002849002849
181,26,0.015384615384615385
182,21,0
183,21,0.009523809523809525
184,31,0.004301075268817204
185,26,0.006153846153846154
186,29,0.0049261083743842365
187,24,0
188,17,0.007352941176470588
189,19,0.005847953216374269
190,21,0.009523809523809525
191,15,0.009523809523809525
192,26,0.015384615384615385
193,23,0.019762845849802372
194,18,0
195,29,0.017241379310344827
196,29,0.007389162561576354
197,28,0.005291005291005291
198,27,0.011396011396011397
199,24,0.007246376811594203
200,32,0.012096774193548387
201,22,0
202,25,0.01
203,23,0.003952569169960474
204,20,0.010526315789473684
205,24,0.018115942028985508
206,24,0.010869565217391304
207,19,0.017543859649122806
208,26,0.009230769230769232
209,19,0.011695906432748537
210,22,0.008658008658008658
211,31,0.008602150537634409
212,24,0.014492753623188406
213,20,0.005263157894736842
214,25,0.0033333333333333335
215,21,0.004761904761904762
216,22,0.008658008658008658
217,20,0
218,29,0.009852216748768473
219,21,0
220,25,0.01
221,20,0.010526315789473684
222,29,0.017241379310344827
223,14,0.02197802197802198
224,26,0.009230769230769232
225,28,0.005291005291005291
226,20,0
227,21,0.009523809523809525
228,28,0.0026455026455026454
229,23,0.003952569169960474
230,26,0.009230769230769232
231,30,0.004597701149425287
232,20,0.010526315789473684
233,22,0.004329004329004329
234,26,0
235,25,0.006666666666666667
236,22,0.008658008658008658
237,21,0.004761904761904762
238,20,0.005263157894736842
239,28,0.005291005291005291
240,21,0
241,19,0.011695906432748537
242,25,0.0033333333333333335
243,21,0.004761904761904762
244,18,0
245,22,0.008658008658008658
246,28,0.0026455026455026454
247,27,0.017094017094017096
248,17,0.014705882352941176
249,29,0.0049261083743842365
250,30,0.0022988505747126436
251,23,0.003952569169960474
252,31,0.008602150537634409
253,20,0.021052631578947368
254,18,0
255,17,0.007352941176470588
256,20,0.005263157894736842
257,32,0.012096774193548387
258,22,0.008658008658008658
259,30,0.009195402298850575
260,24,0.010869565217391304
261,20,0.005263157894736842
262,27,0.008547008547008548
263,20,0.010526315789473684
264,23,0.011857707509881422
265,32,0.010080645161290322
266,22,0
267,19,0.011695906432748537
268,31,0.004301075268817204
269,31,0.012903225806451613
270,19,0.017543859649122806
271,29,0.007389162561576354
272,25,0.01
273,24,0.0036231884057971015
274,25,0.006666666666666667
275,26,0.003076923076923077
276,26,0
277,25,0.02
278,20,0.005263157894736842
279,21,0.004761904761904762
280,22,0
281,19,0.005847953216374269
282,20,0.005263157894736842
283,22,0.004329004329004329
284,17,0.007352941176470588
285,26,0.006153846153846154
286,28,0.007936507936507936
287,20,0
288,24,0.010869565217391304
289,18,0.006535947712418301
290,25,0.0033333333333333335
291,30,0.009195402298850575
292,30,0.0022988505747126436
293,25,0.0033333333333333335
294,31,0.0064516129032258064
295,22,0.012987012987012988
296,21,0.009523809523809525
297,25,0
298,26,0.012307692307692308
299,20,0
300,26,0.009230769230769232
301,25,0.013333333333333334
302,29,0.0049261083743842365
303,23,0.003952569169960474
304,22,0.012987012987012988
305,29,0.007389162561576354
306,22,0.004329004329004329
307,26,0.006153846153846154
308,20,0.010526315789473684
309,17,0.014705882352941176
310,25,0.023333333333333334
311,29,0.012315270935960592
312,22,0
313,24,0.014492753623188406
314,24,0.0036231884057971015
315,22,0.008658008658008658
316,19,0.011695906432748537
317,23,0.003952569169960474
318,24,0.018115942028985508
319,24,0.007246376811594203
320,27,0.008547008547008548
321,24,0.007246376811594203
322,20,0.005263157894736842
323,22,0.017316017316017316
324,25,0.01
325,26,0.006153846153846154
326,25,0.006666666666666667
327,27,0
328,21,0.004761904761904762
329,28,0.0026455026455026454
330,21,0.01904761904761905
331,23,0.007905138339920948
332,26,0.009230769230769232
333,21,0.009523809523809525
334,23,0.003952569169960474
335,23,0
336,21,0.023809523809523808
337,22,0
338,26,0.009230769230769232
339,26,0.003076923076923077
340,26,0
341,29,0.012315270935960592
342,21,0.004761904761904762
343,24,0.010869565217391304
344,22,0.008658008658008658
345,28,0.007936507936507936
346,27,0.005698005698005698
347,25,0
348,20,0.015789473684210527
349,26,0.012307692307692308
350,24,0.010869565217391304
351,22,0
352,21,0
353,27,0.008547008547008548
354,27,0.002849002849002849
355,17,0.007352941176470588
356,23,0.007905138339920948
357,24,0.007246376811594203
358,22,0.008658008658008658
359,26,0.003076923076923077
360,31,0.0064516129032258064
361,36,0.01746031746031746
362,24,0.007246376811594203
363,21,0.009523809523809525
364,24,0.007246376811594203
365,29,0.007389162561576354
366,20,0.005263157894736842
367,26,0.003076923076923077
368,19,0.005847953216374269
369,20,0.005263157894736842
370,28,0.007936507936507936
371,20,0.010526315789473684
372,27,0.017094017094017096
373,26,0.009230769230769232
374,22,0.004329004329004329
375,28,0.010582010582010581
376,23,0.003952569169960474
377,21,0.014285714285714285
378,27,0.005698005698005698
379,25,0.006666666666666667
380,20,0.010526315789473684
381,25,0.006666666666666667
382,31,0.008602150537634409
383,36,0.009523809523809525
384,27,0.014245014245014245
385,27,0.005698005698005698
386,22,0.008658008658008658
387,26,0.012307692307692308
388,22,0.004329004329004329
389,19,0.005847953216374269
390,27,0
391,19,0.005847953216374269
392,19,0.005847953216374269
393,25,0.006666666666666667
394,18,0.013071895424836602
395,25,0
396,20,0.010526315789473684
397,23,0.007905138339920948
398,24,0.0036231884057971015
399,21,0
400,24,0.0036231884057971015
401,28,0.007936507936507936
402,27,0.005698005698005698
403,28,0.010582010582010581
404,18,0.0196078431372549
405,26,0.003076923076923077
406,27,0
407,21,0.009523809523809525
408,21,0.014285714285714285
409,26,0.015384615384615385
410,20,0
411,22,0.008658008658008658
412,22,0.017316017316017316
413,24,0
414,25,0.0033333333333333335
415,24,0
416,22,0.012987012987012988
417,26,0.006153846153846154
418,23,0.011857707509881422
419,19,0.005847953216374269
420,27,0.005698005698005698
421,29,0.009852216748768473
422,23,0
423,24,0
424,22,0.008658008658008658
425,20,0.015789473684210527
426,25,0.006666666666666667
427,20,0.005263157894736842
428,19,0
429,23,0
430,30,0.006896551724137931
431,27,0.008547008547008548
432,25,0.006666666666666667
433,26,0.009230769230769232
434,28,0.005291005291005291
435,29,0
436,20,0
437,32,0.012096774193548387
438,22,0.008658008658008658
439,21,0.009523809523809525
440,25,0.016666666666666666
441,25,0.01
442,29,0.007389162561576354
443,31,0.008602150537634409
444,27,0.011396011396011397
445,24,0.010869565217391304
446,21,0.009523809523809525
447,22,0.004329004329004329
448,20,0
449,22,0.004329004329004329
450,25,0.0033333333333333335
451,26,0.003076923076923077
452,25,0.01
453,21,0
454,20,0.010526315789473684
455,21,0
456,25,0
457,25,0.0033333333333333335
458,21,0.014285714285714285
459,24,0.010869565217391304
460,21,0
461,23,0.007905138339920948
462,24,0.007246376811594203
463,24,0.007246376811594203
464,29,0.0049261083743842365
465,28,0.010582010582010581
466,22,0
467,23,0
468,24,0.0036231884057971015
469,22,0.017316017316017316
470,21,0.004761904761904762
471,22,0.004329004329004329
472,21,0.009523809523809525
473,21,0.01904761904761905
474,23,0
475,22,0
476,29,0.007389162561576354
477,19,0.017543859649122806
478,22,0.004329004329004329
479,36,0.0015873015873015873
480,18,0
481,19,0.005847953216374269
482,19,0.017543859649122806
483,23,0.007905138339920948
484,26,0.012307692307692308
485,24,0.010869565217391304
486,28,0.005291005291005291
487,29,0.0024630541871921183
488,28,0.0026455026455026454
489,24,0.010869565217391304
490,24,0.021739130434782608
491,26,0.009230769230769232
492,30,0.0022988505747126436
493,20,0.015789473684210527
494,29,0
495,20,0.015789473684210527
496,22,0
497,28,0.0026455026455026454
498,28,0.0026455026455026454
499,21,0
500,26,0.003076923076923077
501,27,0.002849002849002849
502,34,0.0071301247771836
503,23,0.007905138339920948
504,22,0.008658008658008658
505,24,0
506,27,0.011396011396011397
507,28,0.005291005291005291
508,24,0.010869565217391304
509,20,0.010526315789473684
510,23,0.011857707509881422
511,28,0.005291005291005291
512,32,0.0020161290322580645
513,28,0.007936507936507936
514,20,0.010526315789473684
515,20,0.015789473684210527
516,28,0.013227513227513227
517,23,0.003952569169960474
518,27,0.011396011396011397
519,16,0.008333333333333333
520,22,0.008658008658008658
521,31,0.004301075268817204
522,25,0.006666666666666667
523,19,0.005847953216374269
524,23,0.011857707509881422
525,27,0
526,20,0.005263157894736842
527,22,0.012987012987012988
528,24,0.007246376811594203
529,30,0.004597701149425287
530,25,0.006666666666666667
531,23,0.007905138339920948
532,21,0.004761904761904762
533,24,0.018115942028985508
534,19,0.011695906432748537
535,21,0.009523809523809525
536,31,0.008602150537634409
537,23,0.003952569169960474
538,25,0.013333333333333334
539,21,0
540,23,0
541,25,0.0033333333333333335
542,18,0
543,27,0.005698005698005698
544,27,0.008547008547008548
545,32,0.006048387096774193
546,29,0.0024630541871921183
547,22,0.004329004329004329
548,18,0
549,23,0.011857707509881422
550,21,0.004761904761904762
551,18,0
552,22,0
553,29,0.012315270935960592
554,24,0.010869565217391304
555,19,0
556,26,0.006153846153846154
557,22,0.004329004329004329
558,16,0
559,27,0.002849002849002849
560,22,0.004329004329004329
561,20,0.005263157894736842
562,16,0.016666666666666666
563,24,0
564,22,0.017316017316017316
565,21,0.009523809523809525
566,26,0.012307692307692308
567,25,0.0033333333333333335
568,17,0.007352941176470588
569,19,0
570,23,0.007905138339920948
571,26,0.006153846153846154
572,20,0.021052631578947368
573,23,0
574,24,0.0036231884057971015
575,27,0.017094017094017096
576,25,0.01
577,17,0.007352941176470588
578,23,0.007905138339920948
579,25,0.013333333333333334
580,22,0.008658008658008658
581,29,0.007389162561576354
582,23,0
583,28,0.010582010582010581
584,29,0.0049261083743842365
585,18,0.013071895424836602
586,24,0
587,20,0.015789473684210527
588,30,0.0022988505747126436
589,19,0.005847953216374269
590,28,0.013227513227513227
591,23,0.003952569169960474
592,27,0.014245014245014245
593,18,0.0196078431372549
594,31,0.004301075268817204
595,22,0.008658008658008658
596,26,0.006153846153846154
597,24,0.007246376811594203
598,19,0.005847953216374269
599,27,0.005698005698005698
600,28,0.015873015873015872
601,22,0.008658008658008658
602,28,0.007936507936507936
603,30,0.009195402298850575
604,19,0.005847953216374269
605,17,0.007352941176470588
606,23,0.007905138339920948
607,26,0.018461538461538463
608,29,0
609,20,0.015789473684210527
610,20,0.010526315789473684
611,21,0.004761904761904762
612,21,0.023809523809523808
613,32,0.004032258064516129
614,26,0
615,22,0.004329004329004329
616,23,0.003952569169960474
617,26,0
618,23,0.015810276679841896
619,20,0.010526315789473684
620,23,0.015810276679841896
621,22,0.030303030303030304
622,25,0.006666666666666667
623,24,0.010869565217391304
624,25,0.016666666666666666
625,27,0.005698005698005698
626,32,0.008064516129032258
627,21,0.01904761904761905
628,29,0.0024630541871921183
629,22,0.017316017316017316
630,23,0.015810276679841896
631,24,0.010869565217391304
632,23,0.007905138339920948
633,25,0.0033333333333333335
634,19,0.011695906432748537
635,25,0.01
636,28,0.010582010582010581
637,28,0.005291005291005291
638,25,0.01
639,24,0
640,20,0.010526315789473684
641,33,0.013257575757575758
642,28,0.0026455026455026454
643,28,0.010582010582010581
644,22,0.021645021645021644
645,24,0.010869565217391304
646,24,0
647,25,0.013333333333333334
648,29,0.007389162561576354
649,25,0.0033333333333333335
650,21,0.004761904761904762
651,24,0.007246376811594203
652,21,0.009523809523809525
653,29,0.0024630541871921183
654,25,0.016666666666666666
655,15,0.01904761904761905
656,26,0.003076923076923077
657,27,0.005698005698005698
658,26,0.003076923076923077
659,24,0.007246376811594203
660,26,0.012307692307692308
661,20,0
662,25,0
663,18,0.006535947712418301
664,26,0.006153846153846154
665,28,0.005291005291005291
666,31,0.008602150537634409
667,23,0.007905138339920948
668,30,0.011494252873563218
669,23,0.007905138339920948
670,27,0.008547008547008548
671,25,0.013333333333333334
672,21,0.004761904761904762
673,24,0.007246376811594203
674,21,0.009523809523809525
675,25,0.006666666666666667
676,26,0.009230769230769232
677,21,0.01904761904761905
678,28,0.010582010582010581
679,24,0.0036231884057971015
680,20,0.005263157894736842
681,26,0.006153846153846154
682,25,0.0033333333333333335
683,21,0.014285714285714285
684,17,0
685,21,0.004761904761904762
686,23,0.003952569169960474
687,21,0.004761904761904762
688,28,0.007936507936507936
689,21,0.014285714285714285
690,24,0.007246376811594203
691,23,0.019762845849802372
692,20,0.015789473684210527
693,28,0.0026455026455026454
694,22,0.004329004329004329
695,23,0
696,23,0.003952569169960474
697,20,0.010526315789473684
698,23,0.007905138339920948
699,21,0.014285714285714285
700,24,0.0036231884057971015
701,22,0
702,32,0.006048387096774193
703,18,0.013071895424836602
704,24,0
705,27,0
706,20,0.010526315789473684
707,24,0.007246376811594203
708,32,0.006048387096774193
709,27,0.005698005698005698
710,19,0
711,25,0.01
712,25,0.01
713,22,0
714,23,0.007905138339920948
715,28,0.0026455026455026454
716,24,0.010869565217391304
717,18,0
718,26,0.009230769230769232
719,28,0.005291005291005291
720,19,0.011695906432748537
721,28,0.005291005291005291
722,19,0.005847953216374269
723,21,0
724,25,0.02666666666666667
725,25,0.006666666666666667
726,22,0.012987012987012988
727,29,0.012315270935960592
728,24,0.0036231884057971015
729,21,0.004761904761904762
730,18,0.013071895424836602
731,19,0.005847953216374269
732,23,0.011857707509881422
733,18,0.006535947712418301
734,21,0.009523809523809525
735,22,0.017316017316017316
736,26,0.012307692307692308
737,24,0.007246376811594203
738,28,0.007936507936507936
739,27,0.017094017094017096
740,22,0.012987012987012988
741,27,0
742,18,0
743,26,0.006153846153846154
744,21,0.014285714285714285
745,25,0.01
746,21,0.004761904761904762
747,26,0.006153846153846154
748,18,0
749,26,0.009230769230769232
750,20,0.005263157894736842
751,33,0.005681818181818182
752,28,0.018518518518518517
753,23,0.007905138339920948
754,21,0.004761904761904762
755,24,0.0036231884057971015
756,28,0.0026455026455026454
757,26,0.009230769230769232
758,22,0.008658008658008658
759,25,0.006666666666666667
760,31,0.012903225806451613
761,22,0.004329004329004329
762,20,0.010526315789473684
763,22,0.008658008658008658
764,27,0.011396011396011397
765,23,0.007905138339920948
766,21,0.004761904761904762
767,29,0.007389162561576354
768,24,0.007246376811594203
769,28,0.0026455026455026454
770,19,0.005847953216374269
771,28,0.010582010582010581
772,20,0.005263157894736842
773,24,0.0036231884057971015
774,25,0.006666666666666667
775,31,0.002150537634408602
776,22,0.008658008658008658
777,27,0
778,20,0
779,28,0.0026455026455026454
780,27,0.005698005698005698
781,26,0.009230769230769232
782,24,0.007246376811594203
783,19,0
784,31,0.010752688172043012
785,29,0.007389162561576354
786,24,0.010869565217391304
787,30,0.011494252873563218
788,22,0.012987012987012988
789,26,0.003076923076923077
790,24,0.010869565217391304
791,25,0.013333333333333334
792,27,0.017094017094017096
793,18,0
794,25,0
795,17,0.007352941176470588
796,25,0.013333333333333334
797,22,0.004329004329004329
798,26,0.006153846153846154
799,27,0
800,30,0.011494252873563218
801,32,0.010080645161290322
802,21,0.004761904761904762
803,20,0.005263157894736842
804,25,0.0033333333333333335
805,27,0.002849002849002849
806,21,0.009523809523809525
807,23,0.011857707509881422
808,25,0.006666666666666667
809,23,0.007905138339920948
810,24,0.007246376811594203
811,27,0.008547008547008548
812,22,0.008658008658008658
813,20,0.02631578947368421
814,28,0.007936507936507936
815,26,0.009230769230769232
816,23,0
817,20,0.005263157894736842
818,24,0.0036231884057971015
819,27,0.011396011396011397
820,25,0.0033333333333333335
821,27,0.008547008547008548
822,25,0.013333333333333334
823,20,0.015789473684210527
824,25,0.006666666666666667
825,23,0.003952569169960474
826,21,0.009523809523809525
827,22,0.008658008658008658
828,19,0.005847953216374269
829,27,0.008547008547008548
830,21,0.004761904761904762
831,23,0.007905138339920948
832,28,0.010582010582010581
833,27,0.008547008547008548
834,22,0.004329004329004329
835,24,0.018115942028985508
836,29,0.007389162561576354
837,28,0.010582010582010581
838,27,0.005698005698005698
839,27,0.005698005698005698
840,22,0
841,18,0
842,21,0
843,22,0.004329004329004329
844,28,0.010582010582010581
845,24,0.0036231884057971015
846,27,0.005698005698005698
847,25,0.006666666666666667
848,25,0.0033333333333333335
849,28,0.010582010582010581
850,25,0.013333333333333334
851,24,0.0036231884057971015
852,23,0.003952569169960474
853,23,0.003952569169960474
854,20,0.005263157894736842
855,24,0.007246376811594203
856,23,0.003952569169960474
857,24,0.007246376811594203
858,25,0.01
859,25,0.0033333333333333335
860,26,0.012307692307692308
861,23,0
862,27,0.002849002849002849
863,21,0.004761904761904762
864,20,0.005263157894736842
865,24,0.010869565217391304
866,22,0.008658008658008658
867,35,0.005042016806722689
868,29,0.007389162561576354
869,25,0.01
870,25,0.013333333333333334
871,23,0.003952569169960474
872,26,0.006153846153846154
873,26,0.009230769230769232
874,22,0.008658008658008658
875,21,0
876,28,0.0026455026455026454
877,36,0.007936507936507936
878,25,0.013333333333333334
879,21,0
880,27,0.002849002849002849
881,30,0.009195402298850575
882,19,0.023391812865497075
883,23,0.003952569169960474
884,21,0
885,25,0
886,28,0.007936507936507936
887,19,0.005847953216374269
888,28,0.010582010582010581
889,24,0.007246376811594203
890,28,0.018518518518518517
891,23,0.007905138339920948
892,27,0.002849002849002849
893,19,0.005847953216374269
894,23,0.019762845849802372
895,22,0.004329004329004329
896,27,0.005698005698005698
897,22,0.004329004329004329
898,22,0.017316017316017316
899,22,0.008658008658008658
900,24,0.007246376811594203
901,16,0.008333333333333333
902,17,0
903,30,0.011494252873563218
904,28,0.013227513227513227
905,29,0.0049261083743842365
906,22,0.004329004329004329
907,23,0.007905138339920948
908,27,0.011396011396011397
909,28,0.005291005291005291
910,21,0
911,27,0.005698005698005698
912,34,0.012477718360071301
913,22,0.008658008658008658
914,21,0.014285714285714285
915,23,0.011857707509881422
916,19,0.005847953216374269
917,28,0.015873015873015872
918,31,0.010752688172043012
919,25,0.01
920,23,0.007905138339920948
921,26,0.006153846153846154
922,27,0.002849002849002849
923,27,0.002849002849002849
924,19,0.011695906432748537
925,25,0.0033333333333333335
926,31,0.004301075268817204
927,21,0.009523809523809525
928,28,0.005291005291005291
929,18,0
930,24,0.010869565217391304
931,26,0.003076923076923077
932,23,0.011857707509881422
933,23,0.003952569169960474
934,21,0
935,27,0.002849002849002849
936,19,0
937,25,0.006666666666666667
938,20,0.015789473684210527
939,24,0.014492753623188406
940,24,0.0036231884057971015
941,23,0.007905138339920948
942,25,0
943,20,0.005263157894736842
944,21,0.014285714285714285
945,25,0.0033333333333333335
946,23,0.003952569169960474
947,22,0.008658008658008658
948,23,0.011857707509881422
949,30,0.006896551724137931
950,28,0.018518518518518517
951,27,0.017094017094017096
952,28,0.007936507936507936
953,25,0.006666666666666667
954,23,0.003952569169960474
955,30,0.006896551724137931
956,23,0.019762845849802372
957,19,0.005847953216374269
958,27,0.011396011396011397
959,22,0.004329004329004329
960,29,0.0049261083743842365
961,24,0
962,25,0.016666666666666666
963,23,0
964,20,0
965,24,0.010869565217391304
966,22,0.008658008658008658
967,22,0.012987012987012988
968,16,0.016666666666666666
969,23,0.003952569169960474
970,28,0.013227513227513227
971,25,0.016666666666666666
972,22,0.004329004329004329
973,25,0
974,22,0.008658008658008658
975,23,0.003952569169960474
976,22,0.017316017316017316
977,25,0.01
978,26,0.003076923076923077
979,24,0.007246376811594203
980,26,0.012307692307692308
981,21,0.009523809523809525
982,27,0.005698005698005698
983,27,0.005698005698005698
984,31,0.0064516129032258064
985,26,0.006153846153846154
986,24,0.007246376811594203
987,29,0.012315270935960592
988,24,0.007246376811594203
989,17,0.014705882352941176
990,29,0.009852216748768473
991,18,0
992,30,0.0022988505747126436
993,24,0.0036231884057971015
994,19,0.005847953216374269
995,28,0.0026455026455026454
996,23,0
997,20,0.010526315789473684
998,23,0.015810276679841896
999,16,0.008333333333333333
1000,26,0.012307692307692308
1001,27,0.005698005698005698
1002,27,0.017094017094017096
1003,23,0.007905138339920948
1004,25,0.006666666666666667
1005,21,0.004761904761904762
1006,23,0.007905138339920948
1007,20,0
1008,19,0.011695906432748537
1009,23,0.019762845849802372
1010,27,0.011396011396011397
1011,22,0.004329004329004329
1012,23,0.011857707509881422
1013,23,0.015810276679841896
1014,20,0
1015,20,0.021052631578947368
1016,25,0.006666666666666667
1017,24,0.007246376811594203
1018,22,0.008658008658008658
1019,19,0
1020,23,0.011857707509881422
1021,25,0.01
1022,32,0.012096774193548387
1023,28,0.0026455026455026454
1024,22,0.012987012987012988
1025,24,0.010869565217391304
1026,29,0.0024630541871921183
1027,33,0.001893939393939394
1028,27,0.005698005698005698
1029,24,0.0036231884057971015
1030,26,0.012307692307692308
1031,21,0
1032,28,0.007936507936507936
1033,18,0.0196078431372549
1034,21,0.014285714285714285
1035,26,0.006153846153846154
1036,23,0.007905138339920948
1037,25,0.01
1038,23,0.011857707509881422
1039,24,0.0036231884057971015
1040,28,0.007936507936507936
1041,19,0.005847953216374269
1042,22,0.004329004329004329
1043,22,0.008658008658008658
1044,18,0.0196078431372549
1045,28,0.010582010582010581
1046,21,0.004761904761904762
1047,21,0.004761904761904762
1048,22,0.008658008658008658
1049,25,0.01
1050,26,0.015384615384615385
1051,25,0.006666666666666667
1052,22,0.004329004329004329
1053,22,0.008658008658008658
1054,19,0.017543859649122806
1055,24,0.021739130434782608
1056,25,0.013333333333333334
1057,22,0.008658008658008658
1058,23,0.003952569169960474
1059,29,0
1060,28,0.007936507936507936
1061,19,0.017543859649122806
1062,22,0.008658008658008658
1063,23,0.011857707509881422
1064,24,0.007246376811594203
1065,27,0
1066,20,0.005263157894736842
1067,21,0.009523809523809525
1068,33,0.011363636363636364
1069,19,0.011695906432748537
1070,27,0.002849002849002849
1071,22,0.012987012987012988
1072,23,0.007905138339920948
1073,26,0.012307692307692308
1074,24,0.007246376811594203
1075,20,0.005263157894736842
1076,21,0.004761904761904762
1077,22,0.017316017316017316
1078,26,0.003076923076923077
1079,24,0.010869565217391304
1080,24,0.010869565217391304
1081,22,0.004329004329004329
1082,32,0.006048387096774193
1083,27,0.005698005698005698
1084,29,0.0024630541871921183
1085,19,0.005847953216374269
1086,25,0.013333333333333334
1087,18,0.013071895424836602
1088,22,0.008658008658008658
1089,26,0.006153846153846154
1090,26,0.009230769230769232
1091,25,0.01
1092,25,0.01
1093,19,0
1094,20,0.005263157894736842
1095,28,0.0026455026455026454
1096,24,0.007246376811594203
1097,28,0.0026455026455026454
1098,27,0.002849002849002849
1099,29,0.0049261083743842365
1100,24,0.0036231884057971015
1101,16,0.008333333333333333
1102,23,0
1103,25,0.006666666666666667
1104,21,0.009523809523809525
1105,21,0.004761904761904762
1106,24,0.010869565217391304
1107,23,0.007905138339920948
1108,23,0.003952569169960474
1109,20,0.010526315789473684
1110,23,0.015810276679841896
1111,27,0.008547008547008548
1112,27,0.011396011396011397
1113,22,0
1114,24,0
1115,20,0.015789473684210527
1116,25,0.013333333333333334
1117,29,0.007389162561576354
1118,26,0
1119,27,0.011396011396011397
1120,19,0.005847953216374269
1121,26,0.009230769230769232
1122,26,0.006153846153846154
1123,23,0
1124,27,0.005698005698005698
1125,25,0.0033333333333333335
1126,30,0.004597701149425287
1127,18,0.0196078431372549
1128,23,0.007905138339920948
1129,21,0.009523809523809525
1130,25,0.006666666666666667
1131,19,0.017543859649122806
1132,20,0.005263157894736842
1133,31,0.004301075268817204
1134,25,0.01
1135,26,0
1136,24,0.010869565217391304
1137,24,0.010869565217391304
1138,22,0.021645021645021644
1139,27,0.011396011396011397
1140,19,0.017543859649122806
1141,23,0.003952569169960474
1142,22,0.004329004329004329
1143,20,0.021052631578947368
1144,30,0.004597701149425287
1145,26,0.003076923076923077
1146,24,0.0036231884057971015
1147,22,0.012987012987012988
1148,24,0.010869565217391304
1149,27,0.008547008547008548
1150,29,0.007389162561576354
1151,27,0.005698005698005698
1152,27,0.008547008547008548
1153,26,0.009230769230769232
1154,24,0.007246376811594203
1155,26,0.003076923076923077
1156,23,0.011857707509881422
1157,22,0.012987012987012988
1158,27,0.014245014245014245
1159,21,0.004761904761904762
1160,23,0.003952569169960474
1161,22,0.012987012987012988
1162,22,0.004329004329004329
1163,25,0.006666666666666667
1164,25,0.013333333333333334
1165,30,0.004597701149425287
1166,28,0.005291005291005291
1167,21,0.004761904761904762
1168,22,0.008658008658008658
1169,22,0.012987012987012988
1170,20,0.005263157894736842
1171,22,0
1172,26,0.003076923076923077
1173,24,0.007246376811594203
1174,30,0.011494252873563218
1175,21,0
1176,25,0.01
1177,32,0.006048387096774193
1178,25,0.01
1179,26,0.009230769230769232
1180,22,0.012987012987012988
1181,20,0.005263157894736842
1182,20,0.021052631578947368
1183,21,0.004761904761904762
1184,27,0.011396011396011397
1185,28,0.005291005291005291
1186,24,0.007246376811594203
1187,19,0.005847953216374269
1188,22,0.004329004329004329
1189,21,0.009523809523809525
1190,17,0.014705882352941176
1191,26,0.006153846153846154
1192,18,0.013071895424836602
1193,26,0.012307692307692308
1194,24,0.007246376811594203
1195,25,0.0033333333333333335
1196,19,0.017543859649122806
1197,23,0.003952569169960474
1198,23,0.007905138339920948
1199,21,0.004761904761904762
1200,23,0.007905138339920948
1201,23,0
1202,19,0.005847953216374269
1203,24,0
1204,26,0.006153846153846154
1205,26,0.006153846153846154
1206,27,0.011396011396011397
1207,24,0.007246376811594203
1208,33,0.011363636363636364
1209,23,0.011857707509881422
1210,26,0.003076923076923077
1211,26,0.006153846153846154
1212,23,0.003952569169960474
1213,24,0
1214,26,0.006153846153846154
1215,19,0.011695906432748537
1216,27,0.014245014245014245
1217,28,0.010582010582010581
1218,18,0
1219,24,0.007246376811594203
1220,24,0.0036231884057971015
1221,26,0
1222,22,0.004329004329004329
1223,30,0.006896551724137931
1224,25,0.006666666666666667
1225,19,0.017543859649122806
1226,26,0.009230769230769232
1227,27,0.002849002849002849
1228,29,0.012315270935960592
1229,24,0.0036231884057971015
1230,27,0
1231,25,0.01
1232,27,0.005698005698005698
1233,28,0.007936507936507936
1234,27,0.005698005698005698
1235,23,0.003952569169960474
1236,21,0.01904761904761905
1237,26,0.006153846153846154
1238,20,0.021052631578947368
1239,26,0.003076923076923077
1240,22,0.017316017316017316
1241,28,0.021164021164021163
1242,20,0.005263157894736842
1243,28,0.0026455026455026454
1244,20,0.010526315789473684
1245,24,0.010869565217391304
1246,26,0.003076923076923077
1247,22,0.008658008658008658
1248,25,0
1249,21,0.004761904761904762
1250,30,0.01839080459770115
1251,20,0.005263157894736842
1252,18,0.013071895424836602
1253,24,0.0036231884057971015
1254,24,0.0036231884057971015
1255,30,0.006896551724137931
1256,30,0.0022988505747126436
1257,26,0.006153846153846154
1258,22,0.008658008658008658
1259,22,0
1260,35,0.0016806722689075631
1261,23,0.015810276679841896
1262,27,0.008547008547008548
1263,24,0.007246376811594203
1264,21,0.009523809523809525
1265,22,0.004329004329004329
1266,18,0.006535947712418301
1267,21,0.014285714285714285
1268,23,0.007905138339920948
1269,24,0.007246376811594203
1270,19,0.005847953216374269
1271,26,0.015384615384615385
1272,25,0.01
1273,23,0
1274,23,0.007905138339920948
1275,27,0.002849002849002849
1276,24,0.007246376811594203
1277,26,0.009230769230769232
1278,20,0.010526315789473684
1279,20,0.010526315789473684
1280,29,0.0049261083743842365
1281,24,0.007246376811594203
1282,22,0.012987012987012988
1283,21,0.009523809523809525
1284,26,0.006153846153846154
1285,22,0.008658008658008658
1286,27,0.005698005698005698
1287,31,0.004301075268817204
1288,19,0.017543859649122806
1289,22,0.008658008658008658
1290,28,0
1291,25,0.016666666666666666
1292,22,0.008658008658008658
1293,23,0.015810276679841896
1294,27,0.005698005698005698
1295,21,0.01904761904761905
1296,22,0.008658008658008658
1297,30,0.01839080459770115
1298,24,0.010869565217391304
1299,17,0.014705882352941176
1300,18,0.006535947712418301
1301,23,0
1302,21,0.009523809523809525
1303,24,0.007246376811594203
1304,25,0.0033333333333333335
1305,25,0.016666666666666666
1306,24,0.007246376811594203
1307,25,0.01
1308,18,0
1309,19,0.005847953216374269
1310,22,0.012987012987012988
1311,28,0
1312,21,0.004761904761904762
1313,24,0.010869565217391304
1314,28,0.010582010582010581
1315,23,0.007905138339920948
1316,20,0.010526315789473684
1317,24,0.007246376811594203
1318,30,0.004597701149425287
1319,24,0.014492753623188406
1320,29,0.0049261083743842365
1321,16,0.008333333333333333
1322,23,0.003952569169960474
1323,31,0.0064516129032258064
1324,23,0.003952569169960474
1325,23,0.003952569169960474
1326,24,0.007246376811594203
1327,21,0.004761904761904762
1328,28,0.013227513227513227
1329,27,0.011396011396011397
1330,23,0.003952569169960474
1331,26,0.012307692307692308
1332,23,0.015810276679841896
1333,31,0.008602150537634409
1334,22,0.008658008658008658
1335,22,0.008658008658008658
1336,22,0.012987012987012988
1337,25,0.01
1338,23,0.007905138339920948
1339,28,0.007936507936507936
1340,22,0
1341,25,0.01
1342,22,0.012987012987012988
1343,26,0.006153846153846154
1344,20,0
1345,23,0.019762845849802372
1346,25,0.006666666666666667
1347,26,0.006153846153846154
1348,19,0.005847953216374269
1349,24,0.0036231884057971015
1350,20,0.005263157894736842
1351,21,0.009523809523809525
1352,29,0
1353,24,0.010869565217391304
1354,24,0.010869565217391304
1355,24,0.010869565217391304
1356,24,0
1357,20,0.015789473684210527
1358,30,0.009195402298850575
1359,26,0.015384615384615385
1360,28,0.010582010582010581
1361,21,0
1362,24,0
1363,24,0.0036231884057971015
1364,22,0.025974025974025976
1365,24,0.010869565217391304
1366,24,0.010869565217391304
1367,24,0.014492753623188406
1368,18,0.006535947712418301
1369,25,0.006666666666666667
1370,24,0.007246376811594203
1371,29,0.0049261083743842365
1372,20,0
1373,28,0.0026455026455026454
1374,20,0.005263157894736842
1375,30,0.011494252873563218
1376,28,0.007936507936507936
1377,20,0.005263157894736842
1378,20,0.005263157894736842
1379,24,0.007246376811594203
1380,25,0
1381,25,0.0033333333333333335
1382,25,0.0033333333333333335
1383,22,0.008658008658008658
1384,18,0
1385,20,0.010526315789473684
1386,27,0.002849002849002849
1387,23,0
1388,16,0.008333333333333333
1389,23,0
1390,18,0
1391,27,0.005698005698005698
1392,25,0.0033333333333333335
1393,22,0.008658008658008658
1394,17,0.007352941176470588
1395,23,0.011857707509881422
1396,24,0.014492753623188406
1397,20,0.010526315789473684
1398,24,0
1399,25,0.01
1400,20,0.005263157894736842
1401,20,0.015789473684210527
1402,23,0.007905138339920948
1403,20,0.005263157894736842
1404,28,0.013227513227513227
1405,21,0.014285714285714285
1406,25,0
1407,27,0.002849002849002849
1408,24,0.0036231884057971015
1409,24,0.007246376811594203
1410,24,0.0036231884057971015
1411,25,0.01
1412,18,0.013071895424836602
1413,27,0.005698005698005698
1414,23,0
1415,30,0.004597701149425287
1416,30,0.004597701149425287
1417,24,0.010869565217391304
1418,18,0.013071895424836602
1419,22,0
1420,31,0.004301075268817204
1421,29,0.007389162561576354
1422,25,0.01
1423,25,0.01
1424,29,0.007389162561576354
1425,20,0.005263157894736842
1426,26,0.003076923076923077
1427,22,0
1428,20,0.031578947368421054
1429,23,0.011857707509881422
1430,23,0.007905138339920948
1431,23,0.003952569169960474
1432,22,0
1433,25,0.006666666666666667
1434,21,0
1435,28,0.010582010582010581
1436,28,0.007936507936507936
1437,20,0
1438,29,0.009852216748768473
1439,27,0.008547008547008548
1440,24,0.0036231884057971015
1441,23,0.003952569169960474
1442,21,0
1443,24,0.007246376811594203
1444,23,0.011857707509881422
1445,23,0.019762845849802372
1446,21,0.009523809523809525
1447,26,0.006153846153846154
1448,24,0.0036231884057971015
1449,23,0.007905138339920948
1450,20,0.005263157894736842
1451,22,0.012987012987012988
1452,24,0.010869565217391304
1453,25,0.01
1454,27,0.002849002849002849
1455,24,0
1456,27,0.002849002849002849
1457,24,0.018115942028985508
1458,24,0
1459,27,0
1460,27,0.002849002849002849
1461,20,0.005263157894736842
1462,22,0.012987012987012988
1463,22,0.012987012987012988
1464,24,0.014492753623188406
1465,30,0.011494252873563218
1466,29,0.0049261083743842365
1467,16,0
1468,23,0.003952569169960474
1469,21,0
1470,24,0.014492753623188406
1471,26,0.003076923076923077
1472,27,0
1473,17,0
1474,17,0
1475,24,0.010869565217391304
1476,26,0.015384615384615385
1477,29,0.007389162561576354
1478,19,0.005847953216374269
1479,27,0.005698005698005698
1480,26,0.012307692307692308
1481,23,0
1482,25,0.006666666666666667
1483,31,0.012903225806451613
1484,23,0.003952569169960474
1485,29,0.0024630541871921183
1486,22,0
1487,20,0.010526315789473684
1488,22,0.021645021645021644
1489,30,0.004597701149425287
1490,22,0.008658008658008658
1491,26,0.006153846153846154
1492,21,0.009523809523809525
1493,21,0.004761904761904762
1494,28,0
1495,24,0.007246376811594203
1496,22,0.004329004329004329
1497,28,0
1498,24,0.014492753623188406
1499,23,0.015810276679841896
1500,20,0.005263157894736842
1501,23,0.019762845849802372
1502,26,0.012307692307692308
1503,25,0
1504,22,0.021645021645021644
1505,23,0
1506,21,0.009523809523809525
1507,23,0
1508,23,0.011857707509881422
1509,21,0.009523809523809525
1510,23,0.011857707509881422
1511,25,0.0033333333333333335
1512,20,0.021052631578947368
1513,18,0.006535947712418301
1514,26,0.012307692307692308
1515,29,0.0024630541871921183
1516,31,0.008602150537634409
1517,28,0.005291005291005291
1518,26,0.015384615384615385
1519,26,0.009230769230769232
1520,26,0.003076923076923077
1521,20,0.005263157894736842
1522,26,0.009230769230769232
1523,23,0.003952569169960474
1524,22,0.004329004329004329
1525,25,0.0033333333333333335
1526,29,0.009852216748768473
1527,24,0.010869565217391304
1528,25,0.01
1529,24,0.0036231884057971015
1530,20,0
1531,25,0
1532,26,0.009230769230769232
1533,26,0.009230769230769232
1534,29,0.009852216748768473
1535,23,0.007905138339920948
1536,28,0
1537,23,0.003952569169960474
1538,23,0.011857707509881422
1539,20,0
1540,25,0.01
1541,28,0.010582010582010581
1542,30,0.011494252873563218
1543,28,0
1544,22,0
1545,28,0.0026455026455026454
1546,21,0.009523809523809525
1547,18,0
1548,25,0.0033333333333333335
1549,21,0.004761904761904762
1550,28,0.0026455026455026454
1551,19,0
1552,26,0.015384615384615385
1553,17,0.022058823529411766
1554,22,0.012987012987012988
1555,19,0.017543859649122806
1556,32,0.012096774193548387
1557,23,0.011857707509881422
1558,28,0.005291005291005291
1559,26,0.009230769230769232
1560,24,0.014492753623188406
1561,28,0.005291005291005291
1562,25,0.0033333333333333335
1563,30,0.004597701149425287
1564,26,0.003076923076923077
1565,21,0.009523809523809525
1566,27,0.014245014245014245
1567,22,0.017316017316017316
1568,29,0.009852216748768473
1569,19,0.005847953216374269
1570,23,0.011857707509881422
1571,25,0.01
1572,22,0
1573,24,0.0036231884057971015
1574,19,0.023391812865497075
1575,23,0.003952569169960474
1576,24,0.010869565217391304
1577,25,0.0033333333333333335
1578,23,0.007905138339920948
1579,22,0.008658008658008658
1580,25,0.02
1581,24,0.007246376811594203
1582,20,0.005263157894736842
1583,22,0.012987012987012988
1584,31,0.004301075268817204
1585,26,0.009230769230769232
1586,24,0.0036231884057971015
1587,22,0.004329004329004329
1588,26,0.003076923076923077
1589,24,0.014492753623188406
1590,26,0.006153846153846154
1591,18,0.0196078431372549
1592,29,0.0049261083743842365
1593,28,0.0026455026455026454
1594,23,0
1595,27,0.002849002849002849
1596,26,0.009230769230769232
1597,24,0.018115942028985508
1598,30,0.0022988505747126436
1599,25,0.0033333333333333335
1600,33,0.005681818181818182
1601,25,0.006666666666666667
1602,28,0.0026455026455026454
1603,22,0.004329004329004329
1604,24,0.010869565217391304
1605,22,0
1606,26,0.012307692307692308
1607,24,0.010869565217391304
1608,24,0.010869565217391304
1609,18,0.006535947712418301
1610,28,0.0026455026455026454
1611,28,0.005291005291005291
1612,21,0.009523809523809525
1613,29,0.0049261083743842365
1614,20,0.005263157894736842
1615,31,0.004301075268817204
1616,20,0.005263157894736842
1617,16,0.008333333333333333
1618,22,0.004329004329004329
1619,25,0.006666666666666667
1620,20,0.005263157894736842
1621,21,0
1622,21,0.014285714285714285
1623,23,0.011857707509881422
1624,23,0
1625,24,0.014492753623188406
1626,22,0.008658008658008658
1627,26,0.006153846153846154
1628,28,0.005291005291005291
1629,22,0.004329004329004329
1630,23,0.007905138339920948
1631,28,0.005291005291005291
1632,22,0.012987012987012988
1633,21,0.014285714285714285
1634,27,0.002849002849002849
1635,28,0.010582010582010581
1636,19,0.017543859649122806
1637,24,0.021739130434782608
1638,23,0.007905138339920948
1639,25,0.013333333333333334
1640,26,0.012307692307692308
1641,20,0.005263157894736842
1642,24,0.007246376811594203
1643,28,0.007936507936507936
1644,24,0.007246376811594203
1645,25,0.013333333333333334
1646,24,0.0036231884057971015
1647,20,0.010526315789473684
1648,22,0.004329004329004329
1649,26,0.009230769230769232
1650,24,0.021739130434782608
1651,19,0.005847953216374269
1652,25,0.0033333333333333335
1653,21,0.01904761904761905
1654,27,0.011396011396011397
1655,26,0.006153846153846154
1656,22,0
1657,23,0.011857707509881422
1658,22,0.025974025974025976
1659,21,0.009523809523809525
1660,28,0.007936507936507936
1661,22,0.012987012987012988
1662,29,0.007389162561576354
1663,24,0
1664,29,0.009852216748768473
1665,21,0.004761904761904762
1666,21,0
1667,30,0.011494252873563218
1668,31,0.010752688172043012
1669,20,0.021052631578947368
1670,22,0.017316017316017316
1671,32,0.010080645161290322
1672,23,0.007905138339920948
1673,18,0.006535947712418301
1674,22,0.008658008658008658
1675,25,0.006666666666666667
1676,19,0.005847953216374269
1677,18,0.006535947712418301
1678,28,0.007936507936507936
1679,18,0
1680,23,0.003952569169960474
1681,21,0.009523809523809525
1682,35,0.011764705882352941
1683,20,0.021052631578947368
1684,24,0.007246376811594203
1685,23,0
1686,26,0.006153846153846154
1687,22,0
1688,25,0.01
1689,20,0
1690,19,0
1691,22,0.012987012987012988
1692,15,0.009523809523809525
1693,23,0.003952569169960474
1694,25,0.0033333333333333335
1695,20,0.021052631578947368
1696,27,0.002849002849002849
1697,21,0.009523809523809525
1698,22,0.021645021645021644
1699,25,0
1700,24,0.007246376811594203
1701,24,0.0036231884057971015
1702,24,0.007246376811594203
1703,29,0.007389162561576354
1704,27,0.005698005698005698
1705,26,0.018461538461538463
1706,31,0.004301075268817204
1707,21,0.004761904761904762
1708,20,0.015789473684210527
1709,26,0.009230769230769232
1710,28,0.005291005291005291
1711,24,0.007246376811594203
1712,22,0.008658008658008658
1713,17,0.014705882352941176
1714,28,0.015873015873015872
1715,29,0.007389162561576354
1716,27,0.002849002849002849
1717,26,0.006153846153846154
1718,20,0.010526315789473684
1719,25,0.006666666666666667
1720,29,0
1721,24,0.0036231884057971015
1722,29,0.007389162561576354
1723,20,0.005263157894736842
1724,24,0.0036231884057971015
1725,17,0
1726,29,0
1727,23,0.007905138339920948
1728,20,0.005263157894736842
1729,21,0.009523809523809525
1730,23,0.007905138339920948
1731,25,0.006666666666666667
1732,29,0.007389162561576354
1733,26,0.006153846153846154
1734,27,0.008547008547008548
1735,22,0.004329004329004329
1736,24,0.007246376811594203
1737,25,0.01
1738,23,0.003952569169960474
1739,25,0.01
1740,34,0.0053475935828877
1741,19,0.011695906432748537
1742,28,0.007936507936507936
1743,26,0.003076923076923077
1744,19,0.017543859649122806
1745,17,0.014705882352941176
1746,21,0.014285714285714285
1747,20,0.015789473684210527
1748,20,0.005263157894736842
1749,19,0.005847953216374269
1750,22,0.008658008658008658
1751,26,0.012307692307692308
1752,24,0
1753,28,0.007936507936507936
1754,26,0.015384615384615385
1755,25,0.013333333333333334
1756,18,0.006535947712418301
1757,21,0.01904761904761905
1758,20,0
1759,26,0.012307692307692308
1760,23,0.011857707509881422
1761,27,0.005698005698005698
1762,23,0
1763,20,0.02631578947368421
1764,25,0.006666666666666667
1765,21,0
1766,22,0.008658008658008658
1767,28,0.0026455026455026454
1768,28,0.005291005291005291
1769,19,0.011695906432748537
1770,21,0.004761904761904762
1771,22,0.017316017316017316
1772,18,0
1773,21,0.009523809523809525
1774,27,0.002849002849002849
1775,22,0
1776,25,0.006666666666666667
1777,22,0.017316017316017316
1778,22,0.008658008658008658
1779,27,0
1780,22,0.012987012987012988
1781,26,0.006153846153846154
1782,21,0
1783,21,0
1784,21,0.009523809523809525
1785,23,0.007905138339920948
1786,26,0.006153846153846154
1787,24,0.007246376811594203
1788,24,0.007246376811594203
1789,18,0
1790,25,0.0033333333333333335
1791,26,0.003076923076923077
1792,27,0.008547008547008548
1793,24,0.007246376811594203
1794,25,0.01
1795,27,0
1796,17,0.007352941176470588
1797,24,0.010869565217391304
1798,28,0.007936507936507936
1799,29,0.009852216748768473
1800,24,0.0036231884057971015
1801,17,0
1802,25,0.0033333333333333335
1803,24,0.0036231884057971015
1804,24,0.007246376811594203
1805,23,0.007905138339920948
1806,26,0.012307692307692308
1807,24,0.010869565217391304
1808,21,0.01904761904761905
1809,21,0.004761904761904762
1810,29,0.014778325123152709
1811,22,0.008658008658008658
1812,26,0.015384615384615385
1813,24,0.007246376811594203
1814,25,0.01
1815,26,0.009230769230769232
1816,28,0.005291005291005291
1817,24,0.014492753623188406
1818,22,0.012987012987012988
1819,23,0.003952569169960474
1820,24,0.014492753623188406
1821,20,0
1822,15,0
1823,24,0.0036231884057971015
1824,29,0.0024630541871921183
1825,22,0.008658008658008658
1826,24,0.014492753623188406
1827,23,0
1828,17,0.007352941176470588
1829,21,0.01904761904761905
1830,28,0.005291005291005291
1831,25,0.01
1832,24,0.007246376811594203
1833,24,0.010869565217391304
1834,23,0.007905138339920948
1835,22,0.004329004329004329
1836,25,0.006666666666666667
1837,24,0.0036231884057971015
1838,23,0
1839,23,0.007905138339920948
1840,21,0.004761904761904762
1841,22,0.012987012987012988
1842,25,0.013333333333333334
1843,26,0.003076923076923077
1844,18,0
1845,24,0.0036231884057971015
1846,18,0.006535947712418301
1847,23,0.003952569169960474
1848,27,0.011396011396011397
1849,19,0.011695906432748537
1850,23,0
1851,25,0.013333333333333334
1852,26,0.015384615384615385
1853,24,0.007246376811594203
1854,22,0.004329004329004329
1855,32,0.008064516129032258
1856,23,0.007905138339920948
1857,25,0.0033333333333333335
1858,21,0
1859,19,0
1860,27,0.02564102564102564
1861,27,0.005698005698005698
1862,26,0.012307692307692308
1863,25,0.006666666666666667
1864,24,0.007246376811594203
1865,27,0
1866,24,0.0036231884057971015
1867,30,0.009195402298850575
1868,25,0.0033333333333333335
1869,23,0.019762845849802372
1870,25,0.013333333333333334
1871,25,0.006666666666666667
1872,25,0.01
1873,25,0.016666666666666666
1874,26,0.006153846153846154
1875,27,0.002849002849002849
1876,28,0.013227513227513227
1877,23,0.007905138339920948
1878,19,0.011695906432748537
1879,24,0.0036231884057971015
1880,22,0.008658008658008658
1881,28,0.005291005291005291
1882,27,0.002849002849002849
1883,27,0.011396011396011397
1884,20,0.010526315789473684
1885,23,0.007905138339920948
1886,26,0.009230769230769232
1887,29,0.012315270935960592
1888,24,0.0036231884057971015
1889,24,0.018115942028985508
1890,27,0.008547008547008548
1891,24,0.014492753623188406
1892,26,0.006153846153846154
1893,23,0.003952569169960474
1894,30,0.004597701149425287
1895,22,0.008658008658008658
1896,22,0
1897,31,0.004301075268817204
1898,24,0.0036231884057971015
1899,21,0.004761904761904762
1900,21,0
1901,26,0.006153846153846154
1902,21,0
1903,20,0
1904,27,0.002849002849002849
1905,24,0.007246376811594203
1906,28,0.015873015873015872
1907,29,0.022167487684729065
1908,23,0
1909,28,0.007936507936507936
1910,30,0.013793103448275862
1911,32,0.008064516129032258
1912,25,0.006666666666666667
1913,28,0.010582010582010581
1914,22,0.008658008658008658
1915,20,0.010526315789473684
1916,21,0.009523809523809525
1917,22,0.008658008658008658
1918,27,0.008547008547008548
1919,20,0.010526315789473684
1920,29,0.0049261083743842365
1921,27,0.014245014245014245
1922,20,0
1923,21,0.014285714285714285
1924,24,0.007246376811594203
1925,22,0
1926,19,0.005847953216374269
1927,19,0
1928,27,0.008547008547008548
1929,20,0.005263157894736842
1930,18,0
1931,26,0.006153846153846154
1932,28,0.007936507936507936
1933,19,0.005847953216374269
1934,28,0.007936507936507936
1935,24,0.0036231884057971015
1936,20,0.005263157894736842
1937,19,0
1938,27,0.014245014245014245
1939,24,0.0036231884057971015
1940,24,0.007246376811594203
1941,21,0.009523809523809525
1942,25,0.0033333333333333335
1943,24,0.0036231884057971015
1944,19,0.017543859649122806
1945,23,0.003952569169960474
1946,18,0.026143790849673203
1947,22,0.012987012987012988
1948,17,0
1949,23,0
1950,21,0.004761904761904762
1951,19,0.011695906432748537
1952,27,0.005698005698005698
1953,22,0.008658008658008658
1954,20,0
1955,29,0.0024630541871921183
1956,25,0.0033333333333333335
1957,24,0.010869565217391304
1958,23,0.019762845849802372
1959,19,0.005847953216374269
1960,26,0.015384615384615385
1961,21,0.009523809523809525
1962,23,0.011857707509881422
1963,19,0.005847953216374269
1964,21,0
1965,22,0
1966,24,0.010869565217391304
1967,33,0.011363636363636364
1968,27,0.011396011396011397
1969,24,0.0036231884057971015
1970,27,0
1971,24,0.0036231884057971015
1972,26,0.003076923076923077
1973,20,0.015789473684210527
1974,23,0.011857707509881422
1975,23,0.011857707509881422
1976,20,0.010526315789473684
1977,25,0.01
1978,30,0.009195402298850575
1979,22,0.004329004329004329
1980,28,0.005291005291005291
1981,28,0.0026455026455026454
1982,24,0.007246376811594203
1983,21,0.004761904761904762
1984,24,0.0036231884057971015
1985,25,0
1986,23,0.023715415019762844
1987,26,0.015384615384615385
1988,20,0.005263157894736842
1989,20,0.005263157894736842
1990,21,0.014285714285714285
1991,25,0.0033333333333333335
1992,20,0
1993,32,0.010080645161290322
1994,27,0.017094017094017096
1995,22,0
1996,22,0
1997,22,0
1998,18,0.006535947712418301
1999,20,0.010526315789473684
2000,21,0.004761904761904762
2001,22,0.008658008658008658
2002,27,0
2003,20,0.010526315789473684
2004,26,0.009230769230769232
2005,25,0.01
2006,21,0.009523809523809525
2007,21,0.004761904761904762
2008,21,0.004761904761904762
2009,17,0.014705882352941176
2010,27,0.002849002849002849
2011,28,0.010582010582010581
2012,28,0.007936507936507936
2013,28,0.010582010582010581
2014,26,0.003076923076923077
2015,25,0.006666666666666667
2016,25,0.013333333333333334
2017,24,0.007246376811594203
2018,27,0.005698005698005698
2019,18,0.013071895424836602
2020,26,0.021538461538461538
2021,26,0
2022,23,0.011857707509881422
2023,22,0.017316017316017316
2024,19,0.011695906432748537
2025,25,0.01
2026,24,0.007246376811594203
2027,27,0.008547008547008548
2028,23,0
2029,23,0.003952569169960474
2030,23,0.007905138339920948
2031,26,0.006153846153846154
2032,22,0.004329004329004329
2033,28,0.007936507936507936
2034,28,0.007936507936507936
2035,23,0.007905138339920948
2036,28,0.005291005291005291
2037,30,0.009195402298850575
2038,22,0.012987012987012988
2039,24,0.0036231884057971015
2040,22,0.008658008658008658
2041,27,0.008547008547008548
2042,20,0
2043,28,0.007936507936507936
2044,27,0.008547008547008548
2045,15,0.009523809523809525
2046,18,0
2047,21,0.004761904761904762
2048,25,0.01
2049,26,0.015384615384615385
2050,26,0.006153846153846154
2051,28,0.005291005291005291
2052,27,0.011396011396011397
2053,26,0.003076923076923077
2054,24,0.007246376811594203
2055,26,0.006153846153846154
2056,21,0.004761904761904762
2057,26,0.009230769230769232
2058,27,0.008547008547008548
2059,21,0.004761904761904762
2060,27,0
2061,30,0.009195402298850575
2062,27,0.008547008547008548
2063,25,0.0033333333333333335
2064,21,0.004761904761904762
2065,30,0.004597701149425287
2066,26,0.009230769230769232
2067,22,0.012987012987012988
2068,18,0
2069,24,0.007246376811594203
2070,28,0.005291005291005291
2071,25,0
2072,26,0.009230769230769232
2073,22,0.012987012987012988
2074,26,0.006153846153846154
2075,25,0.01
2076,24,0.007246376811594203
2077,21,0.009523809523809525
2078,23,0.003952569169960474
2079,25,0.013333333333333334
2080,25,0.01
2081,22,0
2082,29,0.009852216748768473
2083,25,0.006666666666666667
2084,22,0
2085,22,0.008658008658008658
2086,28,0.007936507936507936
2087,28,0.010582010582010581
2088,27,0
2089,21,0.009523809523809525
2090,23,0.003952569169960474
2091,24,0.007246376811594203
2092,26,0.003076923076923077
2093,22,0.012987012987012988
2094,22,0.017316017316017316
2095,33,0.003787878787878788
2096,23,0.007905138339920948
2097,20,0.015789473684210527
2098,20,0.010526315789473684
2099,25,0.01
2100,27,0.005698005698005698
2101,19,0.005847953216374269
2102,30,0.004597701149425287
2103,19,0.023391812865497075
2104,26,0.018461538461538463
2105,23,0.007905138339920948
2106,22,0.017316017316017316
2107,27,0.002849002849002849
2108,29,0.009852216748768473
2109,26,0.009230769230769232
2110,20,0.005263157894736842
2111,29,0.0049261083743842365
2112,27,0.008547008547008548
2113,24,0.007246376811594203
2114,23,0.003952569169960474
2115,19,0.011695906432748537
2116,24,0.0036231884057971015
2117,20,0
2118,23,0.003952569169960474
2119,21,0.014285714285714285
2120,24,0.007246376811594203
2121,27,0.005698005698005698
2122,18,0.006535947712418301
2123,19,0
2124,19,0.011695906432748537
2125,23,0.011857707509881422
2126,21,0.014285714285714285
2127,22,0.008658008658008658
2128,23,0.007905138339920948
2129,25,0.013333333333333334
2130,23,0.007905138339920948
2131,24,0.014492753623188406
2132,22,0.012987012987012988
2133,22,0.004329004329004329
2134,22,0.008658008658008658
2135,17,0.007352941176470588
2136,21,0.004761904761904762
2137,25,0.013333333333333334
2138,23,0
2139,27,0.011396011396011397
2140,23,0.003952569169960474
2141,21,0.004761904761904762
2142,24,0.010869565217391304
2143,22,0.004329004329004329
2144,27,0.011396011396011397
2145,24,0.014492753623188406
2146,23,0.011857707509881422
2147,22,0
2148,18,0.013071895424836602
2149,25,0.016666666666666666
2150,26,0.015384615384615385
2151,25,0.01
2152,22,0.008658008658008658
2153,24,0.007246376811594203
2154,21,0.014285714285714285
2155,21,0.009523809523809525
2156,22,0.012987012987012988
2157,25,0.02666666666666667
2158,26,0.009230769230769232
2159,28,0.013227513227513227
2160,21,0.009523809523809525
2161,29,0.007389162561576354
2162,16,0.008333333333333333
2163,24,0.010869565217391304
2164,19,0.023391812865497075
2165,20,0.010526315789473684
2166,22,0.008658008658008658
2167,27,0.002849002849002849
2168,34,0.0035650623885918
2169,29,0.0024630541871921183
2170,28,0.005291005291005291
2171,23,0.019762845849802372
2172,24,0.007246376811594203
2173,24,0.0036231884057971015
2174,22,0.004329004329004329
2175,23,0.007905138339920948
2176,32,0.0020161290322580645
2177,30,0.004597701149425287
2178,28,0.0026455026455026454
2179,23,0.007905138339920948
2180,21,0.004761904761904762
2181,25,0.01
2182,22,0.012987012987012988
2183,23,0.015810276679841896
2184,20,0.010526315789473684
2185,24,0.0036231884057971015
2186,26,0.018461538461538463
2187,25,0.013333333333333334
2188,22,0
2189,23,0.007905138339920948
2190,25,0.0033333333333333335
2191,23,0.011857707509881422
2192,22,0.021645021645021644
2193,20,0.010526315789473684
2194,28,0.005291005291005291
2195,30,0.0022988505747126436
2196,16,0.008333333333333333
2197,33,0.003787878787878788
2198,25,0.013333333333333334
2199,23,0.003952569169960474
2200,27,0.011396011396011397
2201,23,0.007905138339920948
2202,25,0.006666666666666667
2203,30,0.0022988505747126436
2204,21,0.004761904761904762
2205,28,0.010582010582010581
2206,18,0.006535947712418301
2207,24,0.010869565217391304
2208,22,0.012987012987012988
2209,28,0.015873015873015872
2210,18,0.013071895424836602
2211,27,0.002849002849002849
2212,21,0.009523809523809525
2213,20,0.005263157894736842
2214,31,0.004301075268817204
2215,19,0.005847953216374269
2216,27,0.008547008547008548
2217,22,0.008658008658008658
2218,26,0.012307692307692308
2219,24,0
2220,30,0.009195402298850575
2221,33,0.005681818181818182
2222,23,0.003952569169960474
2223,21,0.014285714285714285
2224,20,0
2225,28,0.005291005291005291
2226,25,0.01
2227,28,0.007936507936507936
2228,15,0
2229,23,0.007905138339920948
2230,26,0
2231,24,0.0036231884057971015
2232,23,0.015810276679841896
2233,30,0.009195402298850575
2234,25,0
2235,16,0
2236,27,0.011396011396011397
2237,23,0.003952569169960474
2238,22,0.008658008658008658
2239,24,0.0036231884057971015
2240,31,0.0064516129032258064
2241,22,0.008658008658008658
2242,25,0.006666666666666667
2243,20,0
2244,25,0.0033333333333333335
2245,22,0.012987012987012988
2246,19,0.005847953216374269
2247,27,0.011396011396011397
2248,20,0.005263157894736842
2249,19,0.005847953216374269
2250,22,0.004329004329004329
2251,23,0.007905138339920948
2252,25,0.01
2253,26,0.012307692307692308
2254,20,0.015789473684210527
2255,22,0
2256,28,0.010582010582010581
2257,25,0.0033333333333333335
2258,29,0.0024630541871921183
2259,20,0.005263157894736842
2260,27,0.008547008547008548
2261,26,0.015384615384615385
2262,23,0.003952569169960474
2263,21,0.009523809523809525
2264,28,0.010582010582010581
2265,19,0.011695906432748537
2266,20,0.021052631578947368
2267,21,0.004761904761904762
2268,29,0.0049261083743842365
2269,20,0.010526315789473684
2270,24,0.010869565217391304
2271,24,0.007246376811594203
2272,21,0.004761904761904762
2273,31,0.017204301075268817
2274,22,0.008658008658008658
2275,22,0.017316017316017316
2276,21,0.009523809523809525
2277,24,0.0036231884057971015
2278,23,0.003952569169960474
2279,26,0.003076923076923077
2280,18,0
2281,25,0.006666666666666667
2282,24,0.007246376811594203
2283,21,0.009523809523809525
2284,26,0.012307692307692308
2285,19,0
2286,23,0.007905138339920948
2287,32,0.010080645161290322
2288,27,0.005698005698005698
2289,22,0.012987012987012988
2290,26,0.012307692307692308
2291,25,0.0033333333333333335
2292,18,0
2293,19,0.005847953216374269
2294,28,0.0026455026455026454
2295,22,0
2296,19,0.005847953216374269
2297,21,0.004761904761904762
2298,21,0.014285714285714285
2299,19,0
2300,23,0
2301,25,0
2302,23,0.003952569169960474
2303,22,0.004329004329004329
2304,25,0.0033333333333333335
2305,24,0.007246376811594203
2306,29,0.0024630541871921183
2307,21,0.004761904761904762
2308,29,0.014778325123152709
2309,24,0.007246376811594203
2310,24,0
2311,23,0.003952569169960474
2312,24,0.007246376811594203
2313,23,0.003952569169960474
2314,23,0.003952569169960474
2315,18,0.006535947712418301
2316,22,0.004329004329004329
2317,27,0.005698005698005698
2318,28,0.018518518518518517
2319,21,0.004761904761904762
2320,24,0.0036231884057971015
2321,25,0.0033333333333333335
2322,25,0.013333333333333334
2323,27,0.005698005698005698
2324,20,0.005263157894736842
2325,28,0
2326,22,0.012987012987012988
2327,27,0.008547008547008548
2328,22,0.012987012987012988
2329,25,0.02
2330,22,0.008658008658008658
2331,23,0.015810276679841896
2332,25,0.013333333333333334
2333,24,0.014492753623188406
2334,27,0.005698005698005698
2335,29,0.0049261083743842365
2336,29,0.017241379310344827
2337,26,0.006153846153846154
2338,19,0.005847953216374269
2339,30,0.0022988505747126436
2340,20,0.005263157894736842
2341,25,0.01
2342,26,0.003076923076923077
2343,29,0.009852216748768473
2344,24,0.007246376811594203
2345,20,0.010526315789473684
2346,24,0.007246376811594203
2347,23,0.015810276679841896
2348,27,0.002849002849002849
2349,24,0.007246376811594203
2350,26,0
2351,21,0.009523809523809525
2352,21,0.009523809523809525
2353,22,0
2354,21,0.014285714285714285
2355,18,0
2356,25,0.01
2357,27,0.008547008547008548
2358,23,0.003952569169960474
2359,21,0.004761904761904762
2360,23,0.003952569169960474
2361,17,0.014705882352941176
2362,28,0.0026455026455026454
2363,29,0.0049261083743842365
2364,26,0.009230769230769232
2365,23,0.003952569169960474
2366,25,0.006666666666666667
2367,27,0.011396011396011397
2368,22,0
2369,15,0.009523809523809525
2370,26,0.003076923076923077
2371,24,0.0036231884057971015
2372,28,0.010582010582010581
2373,19,0.017543859649122806
2374,19,0
2375,31,0.012903225806451613
2376,29,0.0049261083743842365
2377,23,0.003952569169960474
2378,22,0.008658008658008658
2379,22,0.012987012987012988
2380,22,0.008658008658008658
2381,22,0.004329004329004329
2382,20,0.015789473684210527
2383,24,0.010869565217391304
2384,28,0.007936507936507936
2385,28,0.010582010582010581
2386,24,0
2387,29,0.009852216748768473
2388,24,0.0036231884057971015
2389,24,0.007246376811594203
2390,28,0.007936507936507936
2391,28,0.015873015873015872
2392,28,0.007936507936507936
2393,21,0.004761904761904762
2394,23,0.011857707509881422
2395,26,0.003076923076923077
2396,27,0.014245014245014245
2397,27,0.002849002849002849
2398,19,0.011695906432748537
2399,25,0.013333333333333334
2400,26,0.018461538461538463
2401,23,0.007905138339920948
2402,21,0
2403,28,0.005291005291005291
2404,18,0.013071895424836602
2405,30,0.004597701149425287
2406,22,0.012987012987012988
2407,21,0.004761904761904762
2408,21,0
2409,20,0.021052631578947368
2410,25,0.013333333333333334
2411,27,0.005698005698005698
2412,30,0.004597701149425287
2413,25,0
2414,23,0.007905138339920948
2415,23,0.015810276679841896
2416,26,0.012307692307692308
2417,23,0.015810276679841896
2418,23,0
2419,23,0.011857707509881422
2420,27,0.002849002849002849
2421,23,0.007905138339920948
2422,25,0.013333333333333334
2423,22,0.004329004329004329
2424,24,0
2425,29,0.007389162561576354
2426,20,0.010526315789473684
2427,25,0.0033333333333333335
2428,27,0.005698005698005698
2429,25,0.006666666666666667
2430,27,0.008547008547008548
2431,23,0.003952569169960474
2432,26,0.015384615384615385
2433,22,0.008658008658008658
2434,22,0.017316017316017316
2435,27,0
2436,26,0.003076923076923077
2437,22,0.012987012987012988
2438,21,0.009523809523809525
2439,24,0
2440,25,0.0033333333333333335
2441,22,0.025974025974025976
2442,25,0.0033333333333333335
2443,28,0
2444,22,0
2445,24,0.0036231884057971015
2446,29,0
2447,27,0.014245014245014245
2448,26,0.006153846153846154
2449,30,0.004597701149425287
2450,23,0.007905138339920948
2451,23,0.011857707509881422
2452,27,0.002849002849002849
2453,31,0.008602150537634409
2454,27,0.008547008547008548
2455,29,0.0049261083743842365
2456,22,0.012987012987012988
2457,21,0.014285714285714285
2458,25,0.016666666666666666
2459,25,0.006666666666666667
2460,24,0
2461,26,0.006153846153846154
2462,29,0.017241379310344827
2463,26,0.006153846153846154
2464,28,0.007936507936507936
2465,25,0.006666666666666667
2466,26,0
2467,26,0.015384615384615385
2468,30,0.006896551724137931
2469,19,0.017543859649122806
2470,18,0
2471,24,0.007246376811594203
2472,24,0.010869565217391304
2473,19,0.029239766081871343
2474,22,0.008658008658008658
2475,27,0.014245014245014245
2476,28,0.0026455026455026454
2477,20,0
2478,22,0
2479,30,0.0022988505747126436
2480,27,0.002849002849002849
2481,23,0
2482,20,0
2483,20,0.010526315789473684
2484,23,0
2485,30,0.009195402298850575
2486,25,0.0033333333333333335
2487,25,0.006666666666666667
2488,35,0.011764705882352941
2489,24,0.018115942028985508
2490,28,0.005291005291005291
2491,26,0.012307692307692308
2492,26,0.012307692307692308
2493,24,0.010869565217391304
2494,28,0.0026455026455026454
2495,14,0
2496,27,0.019943019943019943
2497,19,0.011695906432748537
2498,21,0.023809523809523808
2499,24,0.0036231884057971015
2500,21,0.004761904761904762
2501,21,0.014285714285714285
2502,27,0.005698005698005698
2503,26,0.006153846153846154
2504,27,0.005698005698005698
2505,20,0.005263157894736842
2506,25,0.016666666666666666
2507,32,0.006048387096774193
2508,24,0
2509,20,0.010526315789473684
2510,27,0.008547008547008548
2511,26,0.009230769230769232
2512,27,0.011396011396011397
2513,22,0
2514,26,0.012307692307692308
2515,17,0.022058823529411766
2516,29,0.0024630541871921183
2517,26,0
2518,24,0.007246376811594203
2519,23,0.007905138339920948
2520,21,0.014285714285714285
2521,22,0.004329004329004329
2522,20,0.010526315789473684
2523,17,0.014705882352941176
2524,30,0.004597701149425287
2525,23,0.007905138339920948
2526,24,0.0036231884057971015
2527,18,0.013071895424836602
2528,17,0.014705882352941176
2529,29,0.0049261083743842365
2530,28,0.013227513227513227
2531,28,0.005291005291005291
2532,15,0
2533,30,0.006896551724137931
2534,20,0
2535,24,0.007246376811594203
2536,20,0.010526315789473684
2537,26,0
2538,22,0.004329004329004329
2539,22,0.012987012987012988
2540,27,0.005698005698005698
2541,28,0.005291005291005291
2542,26,0.006153846153846154
2543,18,0
2544,19,0.011695906432748537
2545,26,0.006153846153846154
2546,26,0
2547,28,0.015873015873015872
2548,30,0.004597701149425287
2549,22,0.008658008658008658
2550,31,0.002150537634408602
2551,26,0.003076923076923077
2552,25,0.0033333333333333335
2553,20,0
2554,23,0.003952569169960474
2555,26,0.009230769230769232
2556,21,0
2557,23,0
2558,24,0.010869565217391304
2559,23,0.015810276679841896
2560,22,0
2561,22,0.004329004329004329
2562,24,0.007246376811594203
2563,25,0.0033333333333333335
2564,21,0.004761904761904762
2565,21,0
2566,24,0.007246376811594203
2567,24,0.010869565217391304
2568,22,0.008658008658008658
2569,24,0.0036231884057971015
2570,23,0
2571,21,0.009523809523809525
2572,21,0.004761904761904762
2573,27,0.008547008547008548
2574,26,0.012307692307692308
2575,27,0.008547008547008548
2576,31,0.017204301075268817
2577,25,0.013333333333333334
2578,24,0.007246376811594203
2579,28,0
2580,22,0.012987012987012988
2581,23,0
2582,20,0.010526315789473684
2583,26,0.015384615384615385
2584,27,0.008547008547008548
2585,22,0
2586,26,0.006153846153846154
2587,22,0.004329004329004329
2588,23,0
2589,25,0.01
2590,25,0
2591,19,0.005847953216374269
2592,20,0.010526315789473684
2593,21,0
2594,20,0
2595,26,0.003076923076923077
2596,21,0.004761904761904762
2597,20,0.021052631578947368
2598,27,0.008547008547008548
2599,26,0.009230769230769232
2600,18,0.0196078431372549
2601,23,0
2602,23,0.011857707509881422
2603,22,0.004329004329004329
2604,25,0.0033333333333333335
2605,24,0.007246376811594203
2606,24,0.0036231884057971015
2607,28,0.010582010582010581
2608,30,0.006896551724137931
2609,23,0.003952569169960474
2610,18,0
2611,29,0.007389162561576354
2612,26,0.015384615384615385
2613,24,0.0036231884057971015
2614,22,0.012987012987012988
2615,20,0.005263157894736842
2616,19,0
2617,37,0.0075075075075075074
2618,21,0.009523809523809525
2619,18,0
2620,25,0.016666666666666666
2621,21,0.014285714285714285
2622,28,0.0026455026455026454
2623,25,0.013333333333333334
2624,18,0.026143790849673203
2625,26,0.009230769230769232
2626,21,0.009523809523809525
2627,26,0.006153846153846154
2628,21,0
2629,24,0.0036231884057971015
2630,25,0.0033333333333333335
2631,21,0
2632,34,0.0071301247771836
2633,25,0.006666666666666667
2634,22,0.008658008658008658
2635,25,0.006666666666666667
2636,22,0.004329004329004329
2637,26,0.015384615384615385
2638,25,0.006666666666666667
2639,33,0.013257575757575758
2640,23,0
2641,25,0.0033333333333333335
2642,29,0.007389162561576354
2643,25,0
2644,22,0.008658008658008658
2645,27,0
2646,21,0.009523809523809525
2647,23,0
2648,23,0.011857707509881422
2649,23,0.015810276679841896
2650,22,0
2651,23,0.011857707509881422
2652,26,0.006153846153846154
2653,26,0.006153846153846154
2654,20,0.010526315789473684
2655,29,0.0024630541871921183
2656,21,0
2657,26,0.003076923076923077
2658,32,0.006048387096774193
2659,16,0.008333333333333333
2660,25,0.01
2661,23,0
2662,24,0.010869565217391304
2663,27,0.005698005698005698
2664,19,0.011695906432748537
2665,37,0.009009009009009009
2666,19,0.017543859649122806
2667,27,0.005698005698005698
2668,23,0.011857707509881422
2669,19,0
2670,26,0.009230769230769232
2671,18,0.026143790849673203
2672,32,0.0020161290322580645
2673,26,0.009230769230769232
2674,27,0.005698005698005698
2675,22,0.004329004329004329
2676,20,0.021052631578947368
2677,28,0.0026455026455026454
2678,24,0.007246376811594203
2679,24,0.0036231884057971015
2680,19,0.011695906432748537
2681,25,0.0033333333333333335
2682,19,0.017543859649122806
2683,20,0.010526315789473684
2684,23,0.003952569169960474
2685,27,0.002849002849002849
2686,14,0.01098901098901099
2687,24,0
2688,21,0.01904761904761905
2689,27,0.008547008547008548
2690,24,0.007246376811594203
2691,17,0.007352941176470588
2692,28,0.005291005291005291
2693,18,0.006535947712418301
2694,26,0.009230769230769232
2695,28,0.007936507936507936
2696,23,0
2697,21,0.01904761904761905
2698,16,0.016666666666666666
2699,25,0.0033333333333333335
2700,20,0.015789473684210527
2701,32,0.010080645161290322
2702,29,0.007389162561576354
2703,28,0.005291005291005291
2704,26,0.018461538461538463
2705,30,0.006896551724137931
2706,20,0.010526315789473684
2707,27,0.011396011396011397
2708,22,0.004329004329004329
2709,34,0.0106951871657754
2710,28,0.013227513227513227
2711,23,0.003952569169960474
2712,25,0
2713,26,0.009230769230769232
2714,23,0.011857707509881422
2715,28,0.010582010582010581
2716,29,0
2717,19,0.005847953216374269
2718,30,0.011494252873563218
2719,27,0
2720,25,0.0033333333333333335
2721,23,0.003952569169960474
2722,18,0
2723,26,0.009230769230769232
2724,23,0.007905138339920948
2725,21,0.004761904761904762
2726,26,0.015384615384615385
2727,24,0.007246376811594203
2728,22,0.004329004329004329
2729,20,0
2730,22,0.004329004329004329
2731,22,0.004329004329004329
2732,25,0.0033333333333333335
2733,18,0.006535947712418301
2734,20,0.010526315789473684
2735,27,0.011396011396011397
2736,24,0.014492753623188406
2737,22,0.008658008658008658
2738,23,0.011857707509881422
2739,27,0.002849002849002849
2740,28,0.007936507936507936
2741,27,0.005698005698005698
2742,21,0.004761904761904762
2743,25,0.01
2744,24,0.007246376811594203
2745,25,0.006666666666666667
2746,27,0.008547008547008548
2747,33,0.007575757575757576
2748,26,0.003076923076923077
2749,25,0.0033333333333333335
2750,28,0.005291005291005291
2751,22,0.008658008658008658
2752,27,0.002849002849002849
2753,21,0.009523809523809525
2754,25,0.01
2755,23,0.011857707509881422
2756,22,0.004329004329004329
2757,20,0.010526315789473684
2758,21,0.014285714285714285
2759,24,0.0036231884057971015
2760,29,0.009852216748768473
2761,18,0
2762,23,0.003952569169960474
2763,28,0.010582010582010581
2764,26,0.009230769230769232
2765,23,0.007905138339920948
2766,27,0.002849002849002849
2767,33,0.013257575757575758
2768,21,0.004761904761904762
2769,23,0.003952569169960474
2770,26,0.012307692307692308
2771,28,0.005291005291005291
2772,19,0.005847953216374269
2773,18,0.026143790849673203
2774,28,0.013227513227513227
2775,21,0.014285714285714285
2776,19,0.011695906432748537
2777,33,0.00946969696969697
2778,27,0.002849002849002849
2779,20,0.005263157894736842
2780,27,0.002849002849002849
2781,25,0.0033333333333333335
2782,21,0.004761904761904762
2783,22,0.012987012987012988
2784,17,0.007352941176470588
2785,20,0.005263157894736842
2786,18,0.006535947712418301
2787,25,0
2788,23,0.007905138339920948
2789,22,0.008658008658008658
2790,22,0.008658008658008658
2791,21,0.004761904761904762
2792,22,0.004329004329004329
2793,26,0.003076923076923077
2794,26,0.012307692307692308
2795,25,0.013333333333333334
2796,24,0.010869565217391304
2797,23,0.007905138339920948
2798,29,0.007389162561576354
2799,26,0.009230769230769232
2800,20,0.010526315789473684
2801,31,0.010752688172043012
2802,24,0.014492753623188406
2803,24,0.007246376811594203
2804,25,0.0033333333333333335
2805,26,0.003076923076923077
2806,23,0.011857707509881422
2807,24,0.007246376811594203
2808,23,0.019762845849802372
2809,20,0.005263157894736842
2810,26,0.012307692307692308
2811,23,0.007905138339920948
2812,24,0.014492753623188406
2813,14,0
2814,24,0.0036231884057971015
2815,19,0.005847953216374269
2816,21,0.004761904761904762
2817,23,0.011857707509881422
2818,31,0.004301075268817204
2819,29,0.0024630541871921183
2820,19,0
2821,24,0.018115942028985508
2822,24,0.014492753623188406
2823,21,0.004761904761904762
2824,26,0.006153846153846154
2825,26,0.003076923076923077
2826,22,0.008658008658008658
2827,23,0.003952569169960474
2828,20,0.005263157894736842
2829,30,0.013793103448275862
2830,23,0.007905138339920948
2831,21,0.009523809523809525
2832,23,0
2833,26,0.003076923076923077
2834,24,0.0036231884057971015
2835,21,0.014285714285714285
2836,28,0.0026455026455026454
2837,20,0.015789473684210527
2838,23,0.003952569169960474
2839,22,0.012987012987012988
2840,22,0.017316017316017316
2841,28,0.010582010582010581
2842,21,0.004761904761904762
2843,22,0.017316017316017316
2844,21,0.004761904761904762
2845,26,0.009230769230769232
2846,26,0.003076923076923077
2847,26,0.003076923076923077
2848,19,0.011695906432748537
2849,29,0.009852216748768473
2850,30,0.0022988505747126436
2851,30,0.004597701149425287
2852,25,0.01
2853,24,0.010869565217391304
2854,23,0.007905138339920948
2855,22,0
2856,21,0.01904761904761905
2857,21,0.03333333333333333
2858,24,0.0036231884057971015
2859,22,0.008658008658008658
2860,21,0.004761904761904762
2861,24,0.007246376811594203
2862,23,0.007905138339920948
2863,38,0.00995732574679943
2864,26,0.006153846153846154
2865,23,0.011857707509881422
2866,21,0.023809523809523808
2867,18,0.006535947712418301
2868,28,0.007936507936507936
2869,21,0
2870,22,0.008658008658008658
2871,23,0.007905138339920948
2872,22,0.008658008658008658
2873,24,0.007246376811594203
2874,26,0.006153846153846154
2875,22,0.004329004329004329
2876,21,0.009523809523809525
2877,24,0.0036231884057971015
2878,26,0.009230769230769232
2879,21,0.004761904761904762
2880,19,0.017543859649122806
2881,26,0.006153846153846154
2882,20,0
2883,22,0.017316017316017316
2884,29,0.012315270935960592
2885,22,0
2886,23,0.011857707509881422
2887,24,0.014492753623188406
2888,20,0
2889,21,0
2890,26,0.003076923076923077
2891,24,0.010869565217391304
2892,24,0.007246376811594203
2893,31,0.015053763440860216
2894,18,0
2895,25,0.013333333333333334
2896,22,0.017316017316017316
2897,29,0.009852216748768473
2898,20,0.005263157894736842
2899,32,0.006048387096774193
2900,23,0.003952569169960474
2901,19,0.005847953216374269
2902,28,0
2903,22,0.017316017316017316
2904,24,0.0036231884057971015
2905,19,0.005847953216374269
2906,26,0.006153846153846154
2907,19,0.005847953216374269
2908,26,0.009230769230769232
2909,24,0.007246376811594203
2910,20,0.005263157894736842
2911,24,0.0036231884057971015
2912,33,0.00946969696969697
2913,27,0.002849002849002849
2914,21,0.004761904761904762
2915,22,0.004329004329004329
2916,22,0.008658008658008658
2917,24,0.0036231884057971015
2918,16,0.016666666666666666
2919,18,0.006535947712418301
2920,22,0.017316017316017316
2921,21,0.009523809523809525
2922,23,0.007905138339920948
2923,26,0.009230769230769232
2924,33,0.003787878787878788
2925,27,0.008547008547008548
2926,26,0.003076923076923077
2927,22,0
2928,24,0.0036231884057971015
2929,20,0.010526315789473684
2930,23,0.007905138339920948
2931,24,0.007246376811594203
2932,20,0
2933,20,0.010526315789473684
2934,21,0.009523809523809525
2935,21,0.009523809523809525
2936,29,0.0049261083743842365
2937,23,0.003952569169960474
2938,24,0.007246376811594203
2939,26,0.006153846153846154
2940,26,0.003076923076923077
2941,27,0.008547008547008548
2942,26,0.018461538461538463
2943,20,0.005263157894736842
2944,30,0.006896551724137931
2945,22,0.004329004329004329
2946,21,0.004761904761904762
2947,23,0.007905138339920948
2948,24,0.0036231884057971015
2949,29,0.0049261083743842365
2950,21,0
2951,29,0.012315270935960592
2952,23,0.003952569169960474
2953,25,0.006666666666666667
2954,26,0.006153846153846154
2955,28,0.005291005291005291
2956,22,0.004329004329004329
2957,20,0.010526315789473684
2958,25,0.01
2959,20,0
2960,23,0.019762845849802372
2961,25,0.01
2962,22,0.004329004329004329
2963,26,0
2964,21,0.009523809523809525
2965,29,0
2966,18,0.0196078431372549
2967,26,0.006153846153846154
2968,28,0.007936507936507936
2969,27,0.002849002849002849
2970,23,0.007905138339920948
2971,26,0.006153846153846154
2972,26,0.003076923076923077
2973,21,0.004761904761904762
2974,20,0.005263157894736842
2975,28,0.0026455026455026454
2976,24,0.014492753623188406
2977,26,0.018461538461538463
2978,22,0.008658008658008658
2979,27,0.005698005698005698
2980,31,0.008602150537634409
2981,30,0.006896551724137931
2982,25,0.01
2983,25,0.006666666666666667
2984,26,0.015384615384615385
2985,24,0.0036231884057971015
2986,33,0.007575757575757576
2987,23,0.007905138339920948
2988,24,0.007246376811594203
2989,24,0.010869565217391304
2990,25,0.013333333333333334
2991,26,0.003076923076923077
2992,23,0.003952569169960474
2993,21,0.009523809523809525
2994,29,0.012315270935960592
2995,25,0
2996,23,0.003952569169960474
2997,19,0
2998,26,0.021538461538461538
2999,20,0.010526315789473684
3000,28,0.015873015873015872
3001,25,0.0033333333333333335
3002,23,0.003952569169960474
3003,22,0.004329004329004329
3004,23,0
3005,22,0.008658008658008658
3006,27,0.005698005698005698
3007,28,0.007936507936507936
3008,27,0.014245014245014245
3009,23,0.007905138339920948
3010,29,0
3011,22,0.004329004329004329
3012,26,0.006153846153846154
3013,26,0.006153846153846154
3014,21,0.009523809523809525
3015,26,0.003076923076923077
3016,25,0
3017,30,0.0022988505747126436
3018,21,0
3019,22,0
3020,28,0.005291005291005291
3021,23,0
3022,24,0.007246376811594203
3023,23,0.003952569169960474
3024,21,0.004761904761904762
3025,26,0.003076923076923077
3026,26,0.015384615384615385
3027,25,0.016666666666666666
3028,22,0.021645021645021644
3029,28,0.007936507936507936
3030,22,0.004329004329004329
3031,27,0.005698005698005698
3032,29,0.017241379310344827
3033,21,0.014285714285714285
3034,24,0.007246376811594203
