0,25,0.6533333333333333
1,24,0.7101449275362319
2,23,0.7312252964426877
3,24,0.7101449275362319
4,23,0.7114624505928854
5,24,0.7101449275362319
6,24,0.7101449275362319
7,24,0.7101449275362319
8,24,0.7101449275362319
9,24,0.7101449275362319
10,25,0.65
11,24,0.6702898550724637
12,24,0.6376811594202898
13,24,0.7101449275362319
14,23,0.691699604743083
15,24,0.7028985507246377
16,25,0.6466666666666666
17,25,0.6466666666666666
18,24,0.6521739130434783
19,24,0.6992753623188406
20,24,0.6992753623188406
21,24,0.6992753623188406
22,24,0.5942028985507246
23,24,0.6413043478260869
24,24,0.6992753623188406
25,24,0.7028985507246377
26,23,0.691699604743083
27,23,0.7114624505928854
28,25,0.6433333333333333
29,25,0.6
30,24,0.644927536231884
31,24,0.6376811594202898
32,24,0.7028985507246377
33,24,0.7028985507246377
34,24,0.7028985507246377
35,23,0.6996047430830039
36,24,0.7101449275362319
37,24,0.7101449275362319
38,23,0.6798418972332015
39,25,0.65
40,24,0.7065217391304348
41,24,0.7065217391304348
42,24,0.7101449275362319
43,24,0.7101449275362319
44,24,0.7137681159420289
45,24,0.7137681159420289
46,24,0.7137681159420289
47,24,0.7137681159420289
48,25,0.6566666666666666
49,24,0.7137681159420289
50,23,0.7391304347826086
51,25,0.66
52,24,0.717391304347826
53,24,0.717391304347826
54,24,0.717391304347826
55,25,0.66
56,24,0.717391304347826
57,24,0.717391304347826
58,24,0.717391304347826
59,24,0.717391304347826
60,24,0.717391304347826
61,24,0.717391304347826
62,24,0.717391304347826
63,24,0.7137681159420289
64,24,0.7137681159420289
65,24,0.7137681159420289
66,25,0.6566666666666666
67,24,0.7137681159420289
68,24,0.7137681159420289
69,24,0.7137681159420289
70,24,0.7137681159420289
71,24,0.6485507246376812
72,24,0.7137681159420289
73,25,0.6566666666666666
74,24,0.7137681159420289
75,24,0.6485507246376812
76,24,0.7137681159420289
77,24,0.7137681159420289
78,24,0.7137681159420289
79,24,0.7101449275362319
80,24,0.7101449275362319
81,24,0.7101449275362319
82,24,0.7065217391304348
83,24,0.7065217391304348
84,24,0.7101449275362319
85,24,0.7101449275362319
86,24,0.6594202898550725
87,24,0.7101449275362319
88,24,0.7101449275362319
89,24,0.7101449275362319
90,24,0.6340579710144928
91,23,0.6877470355731226
92,24,0.7065217391304348
93,24,0.7065217391304348
94,23,0.7154150197628458
95,24,0.7065217391304348
96,24,0.6521739130434783
97,24,0.7065217391304348
98,24,0.7028985507246377
99,24,0.7065217391304348
100,24,0.7065217391304348
101,24,0.7065217391304348
102,25,0.65
103,23,0.7154150197628458
104,24,0.6521739130434783
105,26,0.6030769230769231
106,24,0.7101449275362319
107,24,0.7101449275362319
108,24,0.7101449275362319
109,24,0.7137681159420289
110,23,0.7154150197628458
111,24,0.7137681159420289
112,24,0.7101449275362319
113,25,0.6533333333333333
114,24,0.7065217391304348
115,24,0.7065217391304348
116,24,0.7065217391304348
117,24,0.7101449275362319
118,24,0.7101449275362319
119,24,0.7101449275362319
120,24,0.7101449275362319
121,24,0.7101449275362319
122,24,0.6376811594202898
123,24,0.7101449275362319
124,23,0.6956521739130435
125,24,0.6340579710144928
126,23,0.691699604743083
127,24,0.7101449275362319
128,24,0.7101449275362319
129,24,0.7065217391304348
130,24,0.7065217391304348
131,24,0.7028985507246377
132,24,0.6557971014492754
133,24,0.7028985507246377
134,24,0.7028985507246377
135,24,0.7065217391304348
136,24,0.7065217391304348
137,24,0.7065217391304348
138,24,0.7101449275362319
139,24,0.7101449275362319
140,24,0.7101449275362319
141,23,0.7233201581027668
142,24,0.6340579710144928
143,23,0.691699604743083
144,25,0.6533333333333333
145,24,0.7137681159420289
146,25,0.6566666666666666
147,24,0.7137681159420289
148,24,0.7137681159420289
149,24,0.7137681159420289
150,24,0.7137681159420289
151,24,0.7137681159420289
152,25,0.6566666666666666
153,24,0.7137681159420289
154,25,0.6566666666666666
155,24,0.717391304347826
156,24,0.717391304347826
157,24,0.7137681159420289
158,24,0.7137681159420289
159,24,0.7137681159420289
160,24,0.7137681159420289
161,24,0.7137681159420289
162,24,0.7137681159420289
163,24,0.7137681159420289
164,24,0.7137681159420289
165,24,0.7137681159420289
166,24,0.7137681159420289
167,24,0.6413043478260869
168,24,0.7137681159420289
169,23,0.6996047430830039
170,24,0.7137681159420289
171,24,0.7137681159420289
172,25,0.6566666666666666
173,24,0.7137681159420289
174,24,0.7137681159420289
175,24,0.7137681159420289
176,24,0.7137681159420289
177,24,0.7137681159420289
178,24,0.7137681159420289
179,25,0.6566666666666666
180,24,0.7137681159420289
181,24,0.7137681159420289
182,24,0.7137681159420289
183,24,0.7137681159420289
184,24,0.7137681159420289
185,24,0.7137681159420289
186,25,0.6533333333333333
187,25,0.65
188,24,0.6666666666666666
189,24,0.7065217391304348
190,24,0.7065217391304348
191,24,0.6304347826086957
192,23,0.6877470355731226
193,24,0.7065217391304348
194,24,0.6413043478260869
195,24,0.7065217391304348
196,24,0.7065217391304348
197,24,0.7065217391304348
198,23,0.6956521739130435
199,23,0.7233201581027668
200,25,0.6466666666666666
201,24,0.7065217391304348
202,24,0.7065217391304348
203,24,0.7065217391304348
204,24,0.7101449275362319
205,24,0.7101449275362319
206,24,0.644927536231884
207,24,0.7137681159420289
208,24,0.7137681159420289
209,24,0.7137681159420289
210,23,0.7075098814229249
211,24,0.7137681159420289
212,24,0.7137681159420289
213,24,0.7137681159420289
214,24,0.7137681159420289
215,24,0.7137681159420289
216,24,0.7137681159420289
217,25,0.6566666666666666
218,24,0.7101449275362319
219,24,0.6739130434782609
220,24,0.7101449275362319
221,24,0.6630434782608695
222,24,0.7101449275362319
223,24,0.7101449275362319
224,26,0.6030769230769231
225,24,0.7101449275362319
226,24,0.7101449275362319
227,24,0.7101449275362319
228,24,0.7101449275362319
229,24,0.7101449275362319
230,24,0.6630434782608695
231,23,0.7351778656126482
232,25,0.6566666666666666
233,24,0.7137681159420289
234,24,0.717391304347826
235,24,0.717391304347826
236,24,0.717391304347826
237,24,0.717391304347826
238,24,0.717391304347826
239,24,0.717391304347826
240,24,0.717391304347826
241,24,0.717391304347826
242,24,0.717391304347826
243,24,0.717391304347826
244,24,0.717391304347826
245,24,0.717391304347826
246,24,0.717391304347826
247,24,0.717391304347826
248,24,0.717391304347826
249,24,0.717391304347826
250,24,0.717391304347826
251,24,0.717391304347826
252,26,0.6092307692307692
253,24,0.717391304347826
254,24,0.717391304347826
255,24,0.717391304347826
256,25,0.66
257,24,0.717391304347826
258,24,0.677536231884058
259,24,0.7137681159420289
260,24,0.7137681159420289
261,24,0.7137681159420289
262,24,0.7137681159420289
263,24,0.7137681159420289
264,24,0.7137681159420289
265,25,0.6566666666666666
266,24,0.7101449275362319
267,24,0.7101449275362319
268,24,0.7101449275362319
269,24,0.7065217391304348
270,23,0.7312252964426877
271,24,0.7101449275362319
272,24,0.7101449275362319
273,24,0.7101449275362319
274,25,0.6033333333333334
275,24,0.6413043478260869
276,24,0.7101449275362319
277,25,0.6533333333333333
278,23,0.6956521739130435
279,25,0.6133333333333333
280,24,0.7065217391304348
281,23,0.7114624505928854
282,24,0.7065217391304348
283,24,0.7065217391304348
284,24,0.7065217391304348
285,24,0.7065217391304348
286,24,0.7065217391304348
287,25,0.6533333333333333
288,25,0.6566666666666666
289,24,0.7137681159420289
290,23,0.7351778656126482
291,25,0.6566666666666666
292,24,0.717391304347826
293,25,0.66
294,24,0.717391304347826
295,24,0.717391304347826
296,25,0.66
297,25,0.66
298,24,0.717391304347826
299,24,0.717391304347826
300,24,0.717391304347826
301,24,0.717391304347826
302,24,0.717391304347826
303,24,0.7137681159420289
304,24,0.7137681159420289
305,24,0.7137681159420289
306,24,0.7137681159420289
307,25,0.6566666666666666
308,24,0.7137681159420289
309,24,0.6557971014492754
310,24,0.7137681159420289
311,24,0.7137681159420289
312,24,0.7137681159420289
313,25,0.6566666666666666
314,24,0.7137681159420289
315,23,0.7114624505928854
316,24,0.6666666666666666
317,24,0.7065217391304348
318,24,0.7065217391304348
319,24,0.7065217391304348
320,24,0.7065217391304348
321,24,0.7065217391304348
322,24,0.7101449275362319
323,24,0.644927536231884
324,24,0.7065217391304348
325,24,0.7065217391304348
326,24,0.7028985507246377
327,23,0.7233201581027668
328,23,0.6996047430830039
329,25,0.65
330,25,0.6466666666666666
331,24,0.7028985507246377
332,25,0.5933333333333334
333,24,0.6992753623188406
334,24,0.6231884057971014
335,23,0.6758893280632411
336,24,0.6992753623188406
337,24,0.6992753623188406
338,23,0.5849802371541502
339,24,0.6376811594202898
340,24,0.6992753623188406
341,24,0.6992753623188406
342,23,0.6996047430830039
343,24,0.6956521739130435
344,23,0.6482213438735178
345,24,0.6992753623188406
346,24,0.6992753623188406
347,23,0.7193675889328063
348,24,0.7028985507246377
349,24,0.7028985507246377
350,25,0.6466666666666666
351,25,0.6533333333333333
352,25,0.6566666666666666
353,24,0.7137681159420289
354,24,0.7137681159420289
355,23,0.7351778656126482
356,24,0.7137681159420289
357,24,0.717391304347826
358,24,0.717391304347826
359,24,0.717391304347826
360,24,0.717391304347826
361,24,0.717391304347826
362,25,0.66
363,24,0.717391304347826
364,24,0.717391304347826
365,24,0.717391304347826
366,24,0.717391304347826
367,24,0.717391304347826
368,24,0.7137681159420289
369,24,0.7137681159420289
370,24,0.7101449275362319
371,24,0.7065217391304348
372,24,0.6666666666666666
373,24,0.6594202898550725
374,24,0.6485507246376812
375,24,0.7065217391304348
376,25,0.65
377,24,0.7028985507246377
378,24,0.7028985507246377
379,25,0.61
380,23,0.6996047430830039
381,24,0.6992753623188406
382,23,0.6521739130434783
383,24,0.6594202898550725
384,24,0.6992753623188406
385,24,0.7028985507246377
386,24,0.7028985507246377
387,24,0.7065217391304348
388,24,0.7065217391304348
389,23,0.7114624505928854
390,25,0.65
391,23,0.7272727272727273
392,24,0.7028985507246377
393,24,0.7028985507246377
394,24,0.6992753623188406
395,25,0.5866666666666667
396,25,0.6
397,24,0.7028985507246377
398,23,0.6284584980237155
399,24,0.6485507246376812
400,24,0.7028985507246377
401,24,0.7028985507246377
402,24,0.7028985507246377
403,23,0.7035573122529645
404,23,0.7114624505928854
405,24,0.7028985507246377
406,23,0.7075098814229249
407,24,0.7028985507246377
408,24,0.7065217391304348
409,24,0.7101449275362319
410,24,0.7101449275362319
411,24,0.7137681159420289
412,24,0.717391304347826
413,24,0.717391304347826
414,24,0.717391304347826
415,24,0.717391304347826
416,24,0.717391304347826
417,24,0.717391304347826
418,24,0.717391304347826
419,24,0.7137681159420289
420,24,0.7137681159420289
421,24,0.7101449275362319
422,24,0.7101449275362319
423,24,0.7101449275362319
424,24,0.7101449275362319
425,25,0.6766666666666666
426,24,0.6557971014492754
427,24,0.644927536231884
428,24,0.7101449275362319
429,24,0.7101449275362319
430,24,0.7101449275362319
431,23,0.7075098814229249
432,24,0.7137681159420289
433,23,0.7193675889328063
434,24,0.7137681159420289
435,24,0.7137681159420289
436,24,0.7137681159420289
437,25,0.6566666666666666
438,24,0.7101449275362319
439,24,0.7137681159420289
440,24,0.717391304347826
441,24,0.7137681159420289
442,24,0.7137681159420289
443,24,0.6956521739130435
444,24,0.7137681159420289
445,24,0.7137681159420289
446,24,0.7137681159420289
447,24,0.7101449275362319
448,25,0.6533333333333333
449,24,0.7101449275362319
450,24,0.7101449275362319
451,24,0.6594202898550725
452,25,0.6533333333333333
453,23,0.7272727272727273
454,24,0.7101449275362319
455,24,0.7101449275362319
456,24,0.7137681159420289
457,24,0.7137681159420289
458,25,0.6566666666666666
459,24,0.6630434782608695
460,24,0.7137681159420289
461,24,0.7137681159420289
462,24,0.7137681159420289
463,24,0.7137681159420289
464,24,0.717391304347826
465,24,0.717391304347826
466,24,0.717391304347826
467,24,0.717391304347826
468,24,0.717391304347826
469,24,0.717391304347826
470,24,0.7137681159420289
471,24,0.7137681159420289
472,24,0.7137681159420289
473,24,0.7137681159420289
474,25,0.6566666666666666
475,24,0.6594202898550725
476,24,0.7101449275362319
477,24,0.7101449275362319
478,24,0.7101449275362319
479,24,0.7101449275362319
480,24,0.7101449275362319
481,25,0.6533333333333333
482,23,0.7154150197628458
483,24,0.7101449275362319
484,24,0.7101449275362319
485,24,0.6413043478260869
486,24,0.7101449275362319
487,24,0.7101449275362319
488,23,0.6996047430830039
489,24,0.6702898550724637
490,24,0.7101449275362319
491,24,0.7065217391304348
492,24,0.7065217391304348
493,24,0.7065217391304348
494,24,0.7065217391304348
495,24,0.7065217391304348
496,24,0.7028985507246377
497,24,0.7028985507246377
498,24,0.7028985507246377
499,24,0.6557971014492754
500,24,0.5942028985507246
501,24,0.6557971014492754
502,24,0.7065217391304348
503,24,0.6376811594202898
504,25,0.65
505,24,0.7065217391304348
506,24,0.7065217391304348
507,24,0.7028985507246377
508,23,0.7154150197628458
509,25,0.6433333333333333
510,23,0.7075098814229249
511,24,0.6956521739130435
512,24,0.6521739130434783
513,24,0.7028985507246377
514,24,0.7028985507246377
515,24,0.7028985507246377
516,24,0.7028985507246377
517,24,0.7028985507246377
518,24,0.5652173913043478
519,23,0.6877470355731226
520,24,0.644927536231884
521,23,0.7154150197628458
522,23,0.6956521739130435
523,24,0.6992753623188406
524,24,0.6992753623188406
525,25,0.6466666666666666
526,23,0.7035573122529645
527,24,0.6992753623188406
528,24,0.6014492753623188
529,24,0.6956521739130435
530,24,0.6956521739130435
531,24,0.7028985507246377
532,24,0.7028985507246377
533,24,0.7065217391304348
534,23,0.7114624505928854
535,25,0.5933333333333334
536,24,0.7065217391304348
537,24,0.7065217391304348
538,24,0.7065217391304348
539,23,0.7312252964426877
540,23,0.7035573122529645
541,24,0.7137681159420289
542,26,0.6061538461538462
543,24,0.7137681159420289
544,24,0.7137681159420289
545,24,0.7137681159420289
546,24,0.7101449275362319
547,24,0.7101449275362319
548,24,0.7137681159420289
549,24,0.6739130434782609
550,25,0.6533333333333333
551,24,0.7101449275362319
552,24,0.7101449275362319
553,24,0.7101449275362319
554,24,0.7101449275362319
555,25,0.59
556,24,0.7101449275362319
557,24,0.7065217391304348
558,23,0.6956521739130435
559,24,0.7065217391304348
560,24,0.7065217391304348
561,23,0.7312252964426877
562,24,0.7101449275362319
563,24,0.6521739130434783
564,24,0.7101449275362319
565,24,0.7101449275362319
566,24,0.7101449275362319
567,24,0.7101449275362319
568,24,0.7137681159420289
569,23,0.7154150197628458
570,24,0.7101449275362319
571,24,0.7101449275362319
572,24,0.7101449275362319
573,24,0.7101449275362319
574,24,0.7101449275362319
575,24,0.7101449275362319
576,24,0.7065217391304348
577,24,0.7065217391304348
578,25,0.65
579,24,0.6376811594202898
580,24,0.6594202898550725
581,24,0.7065217391304348
582,23,0.6956521739130435
583,24,0.7065217391304348
584,24,0.7065217391304348
585,24,0.6376811594202898
586,24,0.7028985507246377
587,24,0.6594202898550725
588,22,0.7012987012987013
589,24,0.7028985507246377
590,24,0.7028985507246377
591,24,0.7028985507246377
592,24,0.6666666666666666
593,24,0.7065217391304348
594,24,0.7065217391304348
595,24,0.7065217391304348
596,24,0.7065217391304348
597,23,0.7233201581027668
598,24,0.7065217391304348
599,24,0.7065217391304348
600,24,0.6666666666666666
601,24,0.7101449275362319
602,24,0.7101449275362319
603,24,0.7101449275362319
604,23,0.7351778656126482
605,24,0.7137681159420289
606,24,0.7137681159420289
607,24,0.7137681159420289
608,24,0.7137681159420289
609,24,0.7137681159420289
610,23,0.7312252964426877
611,24,0.7137681159420289
612,25,0.6533333333333333
613,24,0.7137681159420289
614,24,0.7137681159420289
615,24,0.7137681159420289
616,24,0.7137681159420289
617,24,0.7137681159420289
618,24,0.7137681159420289
619,24,0.7137681159420289
620,24,0.6123188405797102
621,24,0.7101449275362319
622,24,0.7065217391304348
623,24,0.7065217391304348
624,23,0.6561264822134387
625,24,0.7028985507246377
626,24,0.7028985507246377
627,25,0.6433333333333333
628,24,0.6992753623188406
629,24,0.6992753623188406
630,24,0.6992753623188406
631,24,0.6992753623188406
632,23,0.7272727272727273
633,24,0.6413043478260869
634,23,0.6561264822134387
635,24,0.7065217391304348
636,24,0.7065217391304348
637,23,0.7035573122529645
638,24,0.7101449275362319
639,23,0.7075098814229249
640,24,0.7101449275362319
641,24,0.7101449275362319
642,24,0.7101449275362319
643,24,0.7101449275362319
644,25,0.6533333333333333
645,24,0.7101449275362319
646,24,0.7137681159420289
647,24,0.717391304347826
648,24,0.717391304347826
649,24,0.717391304347826
650,24,0.717391304347826
651,24,0.7137681159420289
652,24,0.7137681159420289
653,24,0.7137681159420289
654,24,0.7137681159420289
655,24,0.7137681159420289
656,24,0.7137681159420289
657,24,0.7137681159420289
658,24,0.6521739130434783
659,24,0.7137681159420289
660,25,0.6566666666666666
661,24,0.7137681159420289
662,24,0.7137681159420289
663,23,0.7114624505928854
664,25,0.6533333333333333
665,24,0.7101449275362319
666,24,0.6666666666666666
667,24,0.7101449275362319
668,24,0.7101449275362319
669,24,0.7101449275362319
670,24,0.7101449275362319
671,24,0.7101449275362319
672,24,0.7101449275362319
673,24,0.7101449275362319
674,25,0.6533333333333333
675,24,0.6557971014492754
676,23,0.7233201581027668
677,24,0.6630434782608695
678,24,0.7028985507246377
679,24,0.7065217391304348
680,24,0.7065217391304348
681,24,0.7065217391304348
682,24,0.7065217391304348
683,23,0.6561264822134387
684,24,0.7028985507246377
685,24,0.7028985507246377
686,25,0.6466666666666666
687,23,0.7154150197628458
688,24,0.7028985507246377
689,24,0.6485507246376812
690,23,0.7114624505928854
691,24,0.6557971014492754
692,24,0.7065217391304348
693,24,0.7065217391304348
694,24,0.7065217391304348
695,24,0.7065217391304348
696,23,0.7154150197628458
697,25,0.6533333333333333
698,25,0.6533333333333333
699,23,0.7193675889328063
700,24,0.7101449275362319
701,24,0.7101449275362319
702,24,0.7137681159420289
703,24,0.7137681159420289
704,24,0.717391304347826
705,24,0.717391304347826
706,25,0.6566666666666666
707,24,0.7137681159420289
708,24,0.7137681159420289
709,25,0.6566666666666666
710,24,0.7137681159420289
711,24,0.7137681159420289
712,24,0.7137681159420289
713,24,0.6521739130434783
714,24,0.7137681159420289
715,24,0.7137681159420289
716,24,0.7137681159420289
717,24,0.7137681159420289
718,23,0.7114624505928854
719,24,0.7137681159420289
720,24,0.7137681159420289
721,25,0.6566666666666666
722,24,0.7137681159420289
723,24,0.7137681159420289
724,24,0.7137681159420289
725,25,0.6566666666666666
726,24,0.717391304347826
727,25,0.66
728,24,0.717391304347826
729,24,0.717391304347826
730,24,0.717391304347826
731,24,0.717391304347826
732,24,0.717391304347826
733,24,0.717391304347826
734,24,0.717391304347826
735,24,0.717391304347826
736,24,0.717391304347826
737,24,0.717391304347826
738,24,0.717391304347826
739,24,0.717391304347826
740,24,0.717391304347826
741,24,0.717391304347826
742,25,0.66
743,24,0.717391304347826
744,24,0.677536231884058
745,25,0.6566666666666666
746,24,0.7137681159420289
747,24,0.7137681159420289
748,26,0.6061538461538462
749,24,0.7137681159420289
750,24,0.7137681159420289
751,24,0.7137681159420289
752,24,0.7137681159420289
753,24,0.7137681159420289
754,24,0.7137681159420289
755,24,0.7137681159420289
756,23,0.7391304347826086
757,24,0.7137681159420289
758,24,0.7137681159420289
759,24,0.7137681159420289
760,25,0.6566666666666666
761,24,0.6630434782608695
762,25,0.6566666666666666
763,24,0.7137681159420289
764,25,0.6566666666666666
765,24,0.7137681159420289
766,24,0.7137681159420289
767,24,0.7137681159420289
768,24,0.7137681159420289
769,23,0.7233201581027668
770,24,0.7137681159420289
771,24,0.7137681159420289
772,24,0.7137681159420289
773,25,0.6566666666666666
774,24,0.717391304347826
775,24,0.717391304347826
776,24,0.717391304347826
777,24,0.717391304347826
778,24,0.717391304347826
779,24,0.717391304347826
780,24,0.717391304347826
781,24,0.717391304347826
782,25,0.66
783,24,0.717391304347826
784,24,0.7137681159420289
785,24,0.7137681159420289
786,24,0.7101449275362319
787,24,0.7101449275362319
788,24,0.6195652173913043
789,24,0.7101449275362319
790,24,0.7101449275362319
791,24,0.7101449275362319
792,24,0.7101449275362319
793,24,0.7101449275362319
794,24,0.7065217391304348
795,24,0.7065217391304348
796,23,0.7193675889328063
797,26,0.6
798,23,0.7272727272727273
799,24,0.7065217391304348
800,24,0.7065217391304348
801,24,0.6521739130434783
802,24,0.7137681159420289
803,25,0.6566666666666666
804,24,0.7137681159420289
805,24,0.7137681159420289
806,23,0.7114624505928854
807,24,0.7137681159420289
808,24,0.7137681159420289
809,24,0.6739130434782609
810,24,0.7101449275362319
811,24,0.7065217391304348
812,24,0.7065217391304348
813,24,0.6630434782608695
814,25,0.6533333333333333
815,24,0.7101449275362319
816,24,0.7101449275362319
817,24,0.7101449275362319
818,24,0.7101449275362319
819,24,0.7065217391304348
820,24,0.7065217391304348
821,24,0.6268115942028986
822,24,0.7101449275362319
823,23,0.7272727272727273
824,26,0.6030769230769231
825,24,0.7101449275362319
826,24,0.7137681159420289
827,24,0.7137681159420289
828,24,0.7137681159420289
829,24,0.7065217391304348
830,25,0.65
831,23,0.7233201581027668
832,24,0.7028985507246377
833,24,0.6557971014492754
834,24,0.7065217391304348
835,25,0.65
836,24,0.7028985507246377
837,24,0.6485507246376812
838,24,0.7028985507246377
839,24,0.7028985507246377
840,24,0.5833333333333334
841,22,0.696969696969697
842,24,0.7028985507246377
843,24,0.7028985507246377
844,24,0.644927536231884
845,25,0.6433333333333333
846,24,0.6992753623188406
847,24,0.6992753623188406
848,23,0.7114624505928854
849,24,0.6992753623188406
850,24,0.7028985507246377
851,24,0.6992753623188406
852,24,0.6992753623188406
853,24,0.6485507246376812
854,24,0.7065217391304348
855,24,0.6304347826086957
856,23,0.6877470355731226
857,25,0.65
858,23,0.6403162055335968
859,24,0.7065217391304348
860,24,0.7065217391304348
861,24,0.7065217391304348
862,25,0.65
863,23,0.7075098814229249
864,24,0.7065217391304348
865,24,0.7028985507246377
866,24,0.7065217391304348
867,24,0.7065217391304348
868,24,0.7065217391304348
869,24,0.7065217391304348
870,24,0.7065217391304348
871,24,0.7101449275362319
872,24,0.6594202898550725
873,24,0.7065217391304348
874,24,0.6014492753623188
875,24,0.7065217391304348
876,24,0.7065217391304348
877,23,0.6996047430830039
878,24,0.7065217391304348
879,24,0.7065217391304348
880,23,0.7154150197628458
881,24,0.7065217391304348
882,25,0.65
883,24,0.7065217391304348
884,24,0.7028985507246377
885,23,0.7312252964426877
886,24,0.7065217391304348
887,24,0.6666666666666666
888,24,0.7137681159420289
889,24,0.7137681159420289
890,24,0.7137681159420289
891,24,0.7137681159420289
892,25,0.6566666666666666
893,25,0.6566666666666666
894,24,0.7101449275362319
895,24,0.7101449275362319
896,24,0.6630434782608695
897,24,0.6702898550724637
898,24,0.7065217391304348
899,24,0.7065217391304348
900,24,0.7101449275362319
901,24,0.7101449275362319
902,25,0.6533333333333333
903,24,0.7101449275362319
904,24,0.7101449275362319
905,25,0.5833333333333334
906,23,0.691699604743083
907,25,0.6533333333333333
908,24,0.7101449275362319
909,23,0.7351778656126482
910,24,0.7137681159420289
911,25,0.6566666666666666
912,24,0.7137681159420289
913,25,0.6533333333333333
914,25,0.6533333333333333
915,24,0.6630434782608695
916,24,0.7065217391304348
917,24,0.7065217391304348
918,24,0.7101449275362319
919,24,0.7101449275362319
920,24,0.7101449275362319
921,24,0.7101449275362319
922,24,0.7101449275362319
923,24,0.7101449275362319
924,24,0.6413043478260869
925,23,0.7272727272727273
926,24,0.7101449275362319
927,24,0.6413043478260869
928,24,0.7137681159420289
929,25,0.6566666666666666
930,24,0.7137681159420289
931,26,0.6061538461538462
932,25,0.6566666666666666
933,24,0.7137681159420289
934,24,0.7137681159420289
935,24,0.7137681159420289
936,24,0.7137681159420289
937,24,0.717391304347826
938,25,0.6566666666666666
939,24,0.7137681159420289
940,24,0.7137681159420289
941,24,0.7101449275362319
942,24,0.6231884057971014
943,25,0.6533333333333333
944,24,0.7101449275362319
945,24,0.7101449275362319
946,24,0.7101449275362319
947,24,0.7101449275362319
948,24,0.7101449275362319
949,24,0.7065217391304348
950,23,0.7193675889328063
951,24,0.6630434782608695
952,25,0.6466666666666666
953,23,0.7272727272727273
954,25,0.6466666666666666
955,24,0.7028985507246377
956,24,0.7028985507246377
957,24,0.6123188405797102
958,24,0.6992753623188406
959,24,0.6992753623188406
960,24,0.6992753623188406
961,23,0.7154150197628458
962,24,0.6956521739130435
963,24,0.5942028985507246
964,23,0.7035573122529645
965,24,0.6956521739130435
966,25,0.64
967,23,0.6521739130434783
968,25,0.5266666666666666
969,24,0.6956521739130435
970,23,0.691699604743083
971,24,0.7028985507246377
972,24,0.7028985507246377
973,24,0.7028985507246377
974,23,0.7272727272727273
975,23,0.7114624505928854
976,24,0.7101449275362319
977,24,0.7101449275362319
978,25,0.6533333333333333
979,25,0.65
980,24,0.7065217391304348
981,24,0.7137681159420289
982,24,0.7137681159420289
983,24,0.7137681159420289
984,24,0.7137681159420289
985,24,0.7137681159420289
986,24,0.7137681159420289
987,24,0.7137681159420289
988,24,0.7137681159420289
989,24,0.6413043478260869
990,24,0.7137681159420289
991,23,0.6996047430830039
992,24,0.7137681159420289
993,24,0.7137681159420289
994,24,0.7137681159420289
995,24,0.7137681159420289
996,24,0.7137681159420289
997,24,0.7101449275362319
998,24,0.7101449275362319
999,24,0.7101449275362319
1000,24,0.7101449275362319
1001,24,0.6594202898550725
1002,24,0.7137681159420289
1003,24,0.7137681159420289
1004,25,0.6566666666666666
1005,24,0.7137681159420289
1006,24,0.7101449275362319
1007,24,0.7101449275362319
1008,24,0.7101449275362319
1009,24,0.6594202898550725
1010,24,0.7065217391304348
1011,24,0.7065217391304348
1012,24,0.6485507246376812
1013,24,0.6557971014492754
1014,24,0.7065217391304348
1015,24,0.7065217391304348
1016,25,0.65
1017,24,0.6557971014492754
1018,23,0.7075098814229249
1019,24,0.7065217391304348
1020,24,0.7065217391304348
1021,24,0.7065217391304348
1022,23,0.7193675889328063
1023,24,0.7065217391304348
1024,24,0.7065217391304348
1025,23,0.7193675889328063
1026,24,0.7137681159420289
1027,25,0.6566666666666666
1028,24,0.7137681159420289
1029,24,0.7137681159420289
1030,24,0.717391304347826
1031,24,0.717391304347826
1032,24,0.717391304347826
1033,24,0.717391304347826
1034,24,0.7137681159420289
1035,24,0.7137681159420289
1036,24,0.6666666666666666
1037,24,0.7101449275362319
1038,25,0.6166666666666667
1039,25,0.65
1040,24,0.7065217391304348
1041,24,0.7065217391304348
1042,24,0.7065217391304348
1043,24,0.7065217391304348
1044,24,0.7065217391304348
1045,24,0.6376811594202898
1046,24,0.6630434782608695
1047,24,0.6666666666666666
1048,23,0.691699604743083
1049,24,0.7065217391304348
1050,23,0.7312252964426877
1051,24,0.7101449275362319
1052,24,0.7065217391304348
1053,24,0.7065217391304348
1054,24,0.7065217391304348
1055,24,0.7065217391304348
1056,24,0.7065217391304348
1057,25,0.65
1058,24,0.6485507246376812
1059,24,0.6702898550724637
1060,24,0.7028985507246377
1061,24,0.6557971014492754
1062,24,0.6992753623188406
1063,24,0.6992753623188406
1064,23,0.6996047430830039
1065,24,0.6992753623188406
1066,24,0.6413043478260869
1067,24,0.6956521739130435
1068,24,0.6956521739130435
1069,24,0.6304347826086957
1070,23,0.7075098814229249
1071,24,0.5797101449275363
1072,22,0.6883116883116883
1073,26,0.5938461538461538
1074,24,0.6376811594202898
1075,24,0.7028985507246377
1076,24,0.7028985507246377
1077,24,0.7028985507246377
1078,23,0.7114624505928854
1079,24,0.7065217391304348
1080,24,0.7065217391304348
1081,24,0.7028985507246377
1082,24,0.7065217391304348
1083,24,0.7065217391304348
1084,24,0.7137681159420289
1085,24,0.7137681159420289
1086,25,0.6566666666666666
1087,24,0.7137681159420289
1088,25,0.6
1089,24,0.7137681159420289
1090,24,0.7137681159420289
1091,24,0.7137681159420289
1092,25,0.6566666666666666
1093,23,0.7114624505928854
1094,24,0.7137681159420289
1095,24,0.7137681159420289
1096,24,0.7137681159420289
1097,25,0.6566666666666666
1098,24,0.7137681159420289
1099,24,0.7137681159420289
1100,24,0.7137681159420289
1101,24,0.717391304347826
1102,24,0.717391304347826
1103,24,0.717391304347826
1104,24,0.717391304347826
1105,24,0.717391304347826
1106,24,0.7137681159420289
1107,25,0.6566666666666666
1108,24,0.7137681159420289
1109,24,0.6666666666666666
1110,24,0.7137681159420289
1111,24,0.7137681159420289
1112,24,0.7137681159420289
1113,24,0.7137681159420289
1114,24,0.7137681159420289
1115,24,0.7137681159420289
1116,24,0.7137681159420289
1117,24,0.7137681159420289
1118,23,0.7272727272727273
1119,24,0.7137681159420289
1120,24,0.7137681159420289
1121,24,0.7137681159420289
1122,24,0.717391304347826
1123,24,0.717391304347826
1124,24,0.717391304347826
1125,24,0.717391304347826
1126,24,0.717391304347826
1127,24,0.7137681159420289
1128,24,0.7137681159420289
1129,24,0.7137681159420289
1130,24,0.7137681159420289
1131,24,0.7137681159420289
1132,24,0.7137681159420289
1133,24,0.7137681159420289
1134,24,0.7137681159420289
1135,24,0.7137681159420289
1136,24,0.644927536231884
1137,24,0.7137681159420289
1138,24,0.7101449275362319
1139,24,0.6413043478260869
1140,24,0.7101449275362319
1141,24,0.7101449275362319
1142,24,0.6594202898550725
1143,24,0.7101449275362319
1144,24,0.7101449275362319
1145,24,0.7065217391304348
1146,24,0.7065217391304348
1147,24,0.7065217391304348
1148,25,0.65
1149,24,0.7101449275362319
1150,23,0.6600790513833992
1151,24,0.7101449275362319
1152,24,0.7101449275362319
1153,24,0.7101449275362319
1154,25,0.6533333333333333
1155,24,0.7137681159420289
1156,24,0.7101449275362319
1157,23,0.7154150197628458
1158,26,0.6030769230769231
1159,24,0.7101449275362319
1160,24,0.7101449275362319
1161,24,0.6557971014492754
1162,24,0.7101449275362319
1163,24,0.7137681159420289
1164,24,0.7137681159420289
1165,24,0.7137681159420289
1166,24,0.7137681159420289
1167,24,0.7137681159420289
1168,23,0.7154150197628458
1169,24,0.7101449275362319
1170,24,0.7101449275362319
1171,24,0.6630434782608695
1172,24,0.7101449275362319
1173,24,0.7101449275362319
1174,24,0.7137681159420289
1175,24,0.7137681159420289
1176,24,0.7137681159420289
1177,24,0.7137681159420289
1178,25,0.6566666666666666
1179,24,0.7137681159420289
1180,23,0.7272727272727273
1181,24,0.7137681159420289
1182,24,0.7137681159420289
1183,24,0.7137681159420289
1184,24,0.717391304347826
1185,24,0.717391304347826
1186,24,0.717391304347826
1187,24,0.717391304347826
1188,25,0.66
1189,24,0.717391304347826
1190,24,0.717391304347826
1191,24,0.7137681159420289
1192,24,0.6739130434782609
1193,24,0.6702898550724637
1194,24,0.7028985507246377
1195,24,0.7028985507246377
1196,24,0.6992753623188406
1197,24,0.6992753623188406
1198,25,0.6433333333333333
1199,24,0.6992753623188406
1200,24,0.6304347826086957
1201,24,0.644927536231884
1202,24,0.6992753623188406
1203,23,0.6877470355731226
1204,23,0.6047430830039525
1205,24,0.7028985507246377
1206,24,0.6340579710144928
1207,24,0.7065217391304348
1208,24,0.6521739130434783
1209,24,0.7065217391304348
1210,25,0.65
1211,24,0.7065217391304348
1212,24,0.7065217391304348
1213,25,0.6533333333333333
1214,24,0.7137681159420289
1215,24,0.7137681159420289
1216,24,0.7137681159420289
1217,24,0.717391304347826
1218,24,0.7137681159420289
1219,24,0.6739130434782609
1220,24,0.6739130434782609
1221,24,0.7101449275362319
1222,24,0.7101449275362319
1223,24,0.7101449275362319
1224,24,0.7101449275362319
1225,24,0.7101449275362319
1226,24,0.7101449275362319
1227,24,0.7065217391304348
1228,24,0.7065217391304348
1229,24,0.7065217391304348
1230,23,0.6758893280632411
1231,24,0.7065217391304348
1232,23,0.7351778656126482
1233,24,0.7137681159420289
1234,24,0.6739130434782609
1235,24,0.7101449275362319
1236,24,0.7065217391304348
1237,24,0.7065217391304348
1238,24,0.6630434782608695
1239,23,0.7193675889328063
1240,25,0.65
1241,24,0.7065217391304348
1242,25,0.65
1243,24,0.7101449275362319
1244,24,0.7101449275362319
1245,24,0.7065217391304348
1246,23,0.7312252964426877
1247,24,0.7101449275362319
1248,23,0.7272727272727273
1249,24,0.7101449275362319
1250,24,0.7101449275362319
1251,24,0.6485507246376812
1252,24,0.6702898550724637
1253,25,0.65
1254,24,0.7065217391304348
1255,24,0.7028985507246377
1256,24,0.7028985507246377
1257,23,0.7035573122529645
1258,25,0.6466666666666666
1259,24,0.6413043478260869
1260,24,0.7028985507246377
1261,24,0.7028985507246377
1262,24,0.7028985507246377
1263,23,0.6521739130434783
1264,25,0.6566666666666666
1265,24,0.6376811594202898
1266,24,0.7065217391304348
1267,23,0.6363636363636364
1268,24,0.7028985507246377
1269,24,0.6594202898550725
1270,24,0.7028985507246377
1271,24,0.7028985507246377
1272,24,0.7065217391304348
1273,24,0.7065217391304348
1274,24,0.7101449275362319
1275,23,0.7233201581027668
1276,24,0.7101449275362319
1277,25,0.65
1278,24,0.7028985507246377
1279,23,0.7193675889328063
1280,24,0.7065217391304348
1281,24,0.7065217391304348
1282,24,0.6630434782608695
1283,24,0.7101449275362319
1284,24,0.7065217391304348
1285,24,0.7065217391304348
1286,24,0.6739130434782609
1287,25,0.59
1288,24,0.7028985507246377
1289,24,0.7028985507246377
1290,22,0.7012987012987013
1291,24,0.6557971014492754
1292,24,0.7028985507246377
1293,24,0.7028985507246377
1294,24,0.7028985507246377
1295,24,0.7065217391304348
1296,23,0.7233201581027668
1297,24,0.7065217391304348
1298,24,0.7065217391304348
1299,24,0.7101449275362319
1300,24,0.6666666666666666
1301,24,0.7137681159420289
1302,24,0.7137681159420289
1303,25,0.6566666666666666
1304,24,0.717391304347826
1305,24,0.717391304347826
1306,24,0.717391304347826
1307,25,0.66
1308,25,0.66
1309,24,0.717391304347826
1310,24,0.717391304347826
1311,24,0.717391304347826
1312,25,0.66
1313,24,0.717391304347826
1314,24,0.717391304347826
1315,24,0.677536231884058
1316,24,0.7101449275362319
1317,24,0.7101449275362319
1318,24,0.7101449275362319
1319,24,0.7101449275362319
1320,24,0.7101449275362319
1321,24,0.7101449275362319
1322,24,0.6521739130434783
1323,24,0.7101449275362319
1324,24,0.7065217391304348
1325,24,0.7065217391304348
1326,24,0.7065217391304348
1327,22,0.7316017316017316
1328,24,0.7101449275362319
1329,24,0.7101449275362319
1330,24,0.7101449275362319
1331,24,0.6485507246376812
1332,24,0.7101449275362319
1333,24,0.7101449275362319
1334,24,0.7101449275362319
1335,24,0.7137681159420289
1336,23,0.7114624505928854
1337,24,0.7137681159420289
1338,24,0.7137681159420289
1339,24,0.7137681159420289
1340,24,0.7137681159420289
1341,24,0.7137681159420289
1342,24,0.7137681159420289
1343,24,0.7137681159420289
1344,24,0.717391304347826
1345,24,0.717391304347826
1346,24,0.717391304347826
1347,24,0.717391304347826
1348,24,0.717391304347826
1349,24,0.7137681159420289
1350,24,0.7137681159420289
1351,24,0.7137681159420289
1352,24,0.7137681159420289
1353,24,0.7137681159420289
1354,24,0.7137681159420289
1355,24,0.6557971014492754
1356,24,0.7065217391304348
1357,24,0.7065217391304348
1358,24,0.7065217391304348
1359,24,0.7065217391304348
1360,24,0.6594202898550725
1361,23,0.7075098814229249
1362,24,0.7065217391304348
1363,24,0.6485507246376812
1364,24,0.7065217391304348
1365,24,0.7065217391304348
1366,24,0.7065217391304348
1367,24,0.7028985507246377
1368,22,0.7142857142857143
1369,25,0.65
1370,25,0.6466666666666666
1371,24,0.7028985507246377
1372,24,0.7028985507246377
1373,24,0.6594202898550725
1374,24,0.7065217391304348
1375,24,0.6413043478260869
1376,24,0.7101449275362319
1377,24,0.7101449275362319
1378,24,0.7101449275362319
1379,23,0.7035573122529645
1380,24,0.7101449275362319
1381,24,0.7101449275362319
1382,24,0.6630434782608695
1383,24,0.7101449275362319
1384,24,0.7101449275362319
1385,24,0.7101449275362319
1386,24,0.7137681159420289
1387,24,0.7137681159420289
1388,24,0.717391304347826
1389,24,0.717391304347826
1390,24,0.717391304347826
1391,24,0.717391304347826
1392,24,0.7137681159420289
1393,24,0.7137681159420289
1394,24,0.7137681159420289
1395,24,0.7137681159420289
1396,24,0.7137681159420289
1397,24,0.7137681159420289
1398,24,0.7137681159420289
1399,24,0.7137681159420289
1400,24,0.644927536231884
1401,24,0.7101449275362319
1402,24,0.7101449275362319
1403,24,0.7101449275362319
1404,23,0.7035573122529645
1405,24,0.7101449275362319
1406,24,0.7101449275362319
1407,24,0.6485507246376812
1408,24,0.7065217391304348
1409,24,0.7065217391304348
1410,24,0.7065217391304348
1411,24,0.7065217391304348
1412,23,0.7035573122529645
1413,25,0.6533333333333333
1414,25,0.6
1415,24,0.7101449275362319
1416,24,0.7101449275362319
1417,24,0.7101449275362319
1418,24,0.7101449275362319
1419,24,0.7101449275362319
1420,23,0.7154150197628458
1421,24,0.7101449275362319
1422,24,0.7101449275362319
1423,24,0.7065217391304348
1424,24,0.7065217391304348
1425,24,0.7065217391304348
1426,24,0.7065217391304348
1427,24,0.7101449275362319
1428,24,0.7065217391304348
1429,25,0.59
1430,24,0.7065217391304348
1431,24,0.7065217391304348
1432,24,0.6376811594202898
1433,23,0.6996047430830039
1434,24,0.7065217391304348
1435,24,0.6376811594202898
1436,24,0.6413043478260869
1437,24,0.7065217391304348
1438,24,0.7065217391304348
1439,24,0.7065217391304348
1440,23,0.6996047430830039
1441,24,0.7065217391304348
1442,24,0.6702898550724637
1443,24,0.7065217391304348
1444,24,0.7065217391304348
1445,24,0.7101449275362319
1446,24,0.7101449275362319
1447,24,0.7101449275362319
1448,24,0.7101449275362319
1449,24,0.7137681159420289
1450,24,0.7137681159420289
1451,24,0.7137681159420289
1452,24,0.7101449275362319
1453,24,0.7101449275362319
1454,23,0.7351778656126482
1455,24,0.7137681159420289
1456,24,0.7137681159420289
1457,24,0.7137681159420289
1458,24,0.7137681159420289
1459,24,0.6521739130434783
1460,24,0.7137681159420289
1461,24,0.7137681159420289
1462,24,0.7137681159420289
1463,24,0.7137681159420289
1464,23,0.7114624505928854
1465,24,0.7137681159420289
1466,24,0.7101449275362319
1467,24,0.7101449275362319
1468,24,0.7101449275362319
1469,24,0.7101449275362319
1470,24,0.7101449275362319
1471,24,0.7065217391304348
1472,24,0.7101449275362319
1473,24,0.7101449275362319
1474,24,0.7101449275362319
1475,24,0.7101449275362319
1476,24,0.7101449275362319
1477,24,0.5797101449275363
1478,23,0.6956521739130435
1479,24,0.7065217391304348
1480,25,0.65
1481,24,0.7065217391304348
1482,24,0.7028985507246377
1483,24,0.6485507246376812
1484,24,0.6992753623188406
1485,24,0.605072463768116
1486,25,0.6433333333333333
1487,24,0.6992753623188406
1488,24,0.6992753623188406
1489,25,0.64
1490,24,0.7028985507246377
1491,24,0.6485507246376812
1492,24,0.6304347826086957
1493,24,0.6521739130434783
1494,23,0.6877470355731226
1495,24,0.7028985507246377
1496,23,0.7272727272727273
1497,24,0.7028985507246377
1498,24,0.6702898550724637
1499,24,0.7065217391304348
1500,24,0.7065217391304348
1501,23,0.7154150197628458
1502,24,0.7065217391304348
1503,24,0.7065217391304348
1504,24,0.7028985507246377
1505,24,0.7065217391304348
1506,25,0.6533333333333333
1507,24,0.7101449275362319
1508,24,0.7101449275362319
1509,25,0.6533333333333333
1510,23,0.7351778656126482
1511,24,0.7137681159420289
1512,24,0.7137681159420289
1513,24,0.7137681159420289
1514,24,0.6413043478260869
1515,24,0.7137681159420289
1516,23,0.6996047430830039
1517,24,0.7137681159420289
1518,24,0.7137681159420289
1519,24,0.7137681159420289
1520,24,0.7137681159420289
1521,24,0.7137681159420289
1522,24,0.7137681159420289
1523,26,0.6061538461538462
1524,24,0.7137681159420289
1525,24,0.7137681159420289
1526,25,0.6566666666666666
1527,24,0.717391304347826
1528,24,0.717391304347826
1529,25,0.66
1530,25,0.66
1531,24,0.717391304347826
1532,24,0.717391304347826
1533,24,0.7137681159420289
1534,24,0.7137681159420289
1535,24,0.7137681159420289
1536,25,0.6566666666666666
1537,24,0.7137681159420289
1538,24,0.7101449275362319
1539,24,0.7101449275362319
1540,24,0.7101449275362319
1541,24,0.7101449275362319
1542,24,0.6594202898550725
1543,24,0.6376811594202898
1544,24,0.7101449275362319
1545,23,0.6956521739130435
1546,24,0.7101449275362319
1547,24,0.7101449275362319
1548,24,0.7101449275362319
1549,24,0.7101449275362319
1550,23,0.7193675889328063
1551,24,0.7101449275362319
1552,24,0.7101449275362319
1553,24,0.7101449275362319
1554,24,0.7101449275362319
1555,24,0.7137681159420289
1556,24,0.717391304347826
1557,24,0.717391304347826
1558,24,0.717391304347826
1559,24,0.717391304347826
1560,24,0.717391304347826
1561,24,0.717391304347826
1562,24,0.717391304347826
1563,24,0.717391304347826
1564,24,0.717391304347826
1565,24,0.717391304347826
1566,24,0.717391304347826
1567,24,0.717391304347826
1568,24,0.717391304347826
1569,24,0.717391304347826
1570,24,0.677536231884058
1571,25,0.6566666666666666
1572,24,0.7137681159420289
1573,24,0.7137681159420289
1574,24,0.7137681159420289
1575,24,0.7137681159420289
1576,25,0.6566666666666666
1577,25,0.6566666666666666
1578,24,0.7137681159420289
1579,24,0.7137681159420289
1580,24,0.7137681159420289
1581,24,0.7137681159420289
1582,23,0.7391304347826086
1583,24,0.717391304347826
1584,24,0.717391304347826
1585,25,0.66
1586,24,0.717391304347826
1587,24,0.717391304347826
1588,24,0.717391304347826
1589,24,0.717391304347826
1590,24,0.7137681159420289
1591,24,0.7137681159420289
1592,24,0.7137681159420289
1593,25,0.6566666666666666
1594,24,0.6739130434782609
1595,24,0.7101449275362319
1596,24,0.7101449275362319
1597,24,0.7101449275362319
1598,25,0.6533333333333333
1599,24,0.7101449275362319
1600,24,0.6376811594202898
1601,24,0.7101449275362319
1602,24,0.6376811594202898
1603,24,0.7101449275362319
1604,24,0.7101449275362319
1605,24,0.7101449275362319
1606,23,0.7351778656126482
1607,24,0.7137681159420289
1608,24,0.7137681159420289
1609,24,0.7137681159420289
1610,24,0.7137681159420289
1611,24,0.7137681159420289
1612,25,0.6566666666666666
1613,24,0.717391304347826
1614,24,0.717391304347826
1615,24,0.717391304347826
1616,24,0.717391304347826
1617,25,0.66
1618,24,0.717391304347826
1619,24,0.717391304347826
1620,24,0.717391304347826
1621,24,0.717391304347826
1622,24,0.717391304347826
1623,25,0.66
1624,24,0.717391304347826
1625,24,0.717391304347826
1626,24,0.717391304347826
1627,24,0.717391304347826
1628,25,0.66
1629,24,0.717391304347826
1630,24,0.7137681159420289
1631,24,0.7137681159420289
1632,24,0.7101449275362319
1633,24,0.7101449275362319
1634,24,0.7101449275362319
1635,24,0.6557971014492754
1636,24,0.7101449275362319
1637,24,0.7101449275362319
1638,24,0.7101449275362319
1639,24,0.7065217391304348
1640,24,0.7065217391304348
1641,25,0.65
1642,23,0.7114624505928854
1643,24,0.6304347826086957
1644,23,0.6877470355731226
1645,24,0.7065217391304348
1646,24,0.7065217391304348
1647,24,0.7065217391304348
1648,24,0.7101449275362319
1649,24,0.6376811594202898
1650,24,0.7101449275362319
1651,23,0.6956521739130435
1652,24,0.7101449275362319
1653,24,0.7065217391304348
1654,24,0.7065217391304348
1655,24,0.7065217391304348
1656,24,0.7101449275362319
1657,24,0.7101449275362319
1658,24,0.7101449275362319
1659,24,0.7101449275362319
1660,24,0.7101449275362319
1661,24,0.7065217391304348
1662,24,0.7101449275362319
1663,24,0.6666666666666666
1664,24,0.6340579710144928
1665,23,0.6877470355731226
1666,24,0.7065217391304348
1667,24,0.7065217391304348
1668,24,0.6594202898550725
1669,24,0.7065217391304348
1670,24,0.7065217391304348
1671,24,0.7065217391304348
1672,24,0.7028985507246377
1673,23,0.6758893280632411
1674,24,0.7028985507246377
1675,24,0.7028985507246377
1676,24,0.7065217391304348
1677,23,0.7233201581027668
1678,24,0.7101449275362319
1679,24,0.7101449275362319
1680,24,0.7101449275362319
1681,24,0.7137681159420289
1682,24,0.7137681159420289
1683,24,0.7137681159420289
1684,23,0.7351778656126482
1685,24,0.7137681159420289
1686,25,0.66
1687,24,0.717391304347826
1688,24,0.717391304347826
1689,24,0.717391304347826
1690,24,0.717391304347826
1691,24,0.717391304347826
1692,24,0.7137681159420289
1693,24,0.6739130434782609
1694,24,0.7137681159420289
1695,24,0.7137681159420289
1696,24,0.7137681159420289
1697,24,0.7137681159420289
1698,25,0.6566666666666666
1699,24,0.7137681159420289
1700,24,0.7137681159420289
1701,24,0.7137681159420289
1702,24,0.7137681159420289
1703,24,0.7137681159420289
1704,23,0.7351778656126482
1705,24,0.7137681159420289
1706,24,0.717391304347826
1707,24,0.717391304347826
1708,25,0.66
1709,24,0.717391304347826
1710,24,0.717391304347826
1711,24,0.717391304347826
1712,24,0.717391304347826
1713,24,0.717391304347826
1714,24,0.717391304347826
1715,24,0.717391304347826
1716,25,0.66
1717,24,0.717391304347826
1718,24,0.7137681159420289
1719,25,0.6533333333333333
1720,25,0.6533333333333333
1721,25,0.65
1722,24,0.7065217391304348
1723,24,0.7065217391304348
1724,24,0.6594202898550725
1725,24,0.6485507246376812
1726,24,0.7065217391304348
1727,24,0.7065217391304348
1728,24,0.7065217391304348
1729,24,0.6268115942028986
1730,25,0.5733333333333334
1731,23,0.6956521739130435
1732,24,0.6521739130434783
1733,23,0.7075098814229249
1734,24,0.6413043478260869
1735,24,0.644927536231884
1736,25,0.64
1737,24,0.6992753623188406
1738,24,0.7028985507246377
1739,24,0.7028985507246377
1740,24,0.7028985507246377
1741,24,0.6485507246376812
1742,24,0.6630434782608695
1743,23,0.7154150197628458
1744,24,0.7065217391304348
1745,24,0.7101449275362319
1746,24,0.7101449275362319
1747,24,0.7101449275362319
1748,24,0.7137681159420289
1749,24,0.7137681159420289
1750,25,0.6566666666666666
1751,24,0.7137681159420289
1752,24,0.7137681159420289
1753,24,0.7137681159420289
1754,24,0.7137681159420289
1755,24,0.7137681159420289
1756,24,0.7137681159420289
1757,24,0.6413043478260869
1758,24,0.7137681159420289
1759,23,0.6996047430830039
1760,24,0.7137681159420289
1761,24,0.7137681159420289
1762,24,0.7137681159420289
1763,24,0.7137681159420289
1764,24,0.7101449275362319
1765,24,0.7101449275362319
1766,24,0.7101449275362319
1767,24,0.7101449275362319
1768,24,0.7101449275362319
1769,24,0.7065217391304348
1770,24,0.7101449275362319
1771,24,0.6485507246376812
1772,25,0.6533333333333333
1773,24,0.7101449275362319
1774,24,0.7101449275362319
1775,24,0.7101449275362319
1776,24,0.644927536231884
1777,24,0.7065217391304348
1778,24,0.5978260869565217
1779,24,0.7065217391304348
1780,24,0.7065217391304348
1781,23,0.6956521739130435
1782,24,0.6992753623188406
1783,24,0.6992753623188406
1784,24,0.7028985507246377
1785,24,0.6557971014492754
1786,24,0.7028985507246377
1787,24,0.7028985507246377
1788,23,0.7233201581027668
1789,24,0.7028985507246377
1790,24,0.6992753623188406
1791,24,0.7065217391304348
1792,24,0.7065217391304348
1793,23,0.6363636363636364
1794,23,0.691699604743083
1795,24,0.7065217391304348
1796,24,0.7028985507246377
1797,24,0.7028985507246377
1798,24,0.6413043478260869
1799,24,0.6594202898550725
1800,24,0.7065217391304348
1801,24,0.7065217391304348
1802,23,0.6996047430830039
1803,24,0.7065217391304348
1804,24,0.7065217391304348
1805,24,0.7028985507246377
1806,24,0.7065217391304348
1807,24,0.7065217391304348
1808,23,0.7154150197628458
1809,24,0.6630434782608695
1810,24,0.6485507246376812
1811,24,0.7065217391304348
1812,24,0.7101449275362319
1813,24,0.7101449275362319
1814,24,0.7101449275362319
1815,24,0.7101449275362319
1816,24,0.7101449275362319
1817,23,0.7154150197628458
1818,24,0.7101449275362319
1819,24,0.7101449275362319
1820,23,0.7312252964426877
1821,24,0.7101449275362319
1822,24,0.7137681159420289
1823,25,0.66
1824,24,0.7137681159420289
1825,24,0.7137681159420289
1826,24,0.7137681159420289
1827,24,0.6666666666666666
1828,24,0.7137681159420289
1829,24,0.7101449275362319
1830,24,0.7101449275362319
1831,24,0.7101449275362319
1832,25,0.61
1833,24,0.7101449275362319
1834,24,0.7101449275362319
1835,24,0.7101449275362319
1836,23,0.7233201581027668
1837,24,0.7065217391304348
1838,25,0.65
1839,24,0.7065217391304348
1840,24,0.7101449275362319
1841,23,0.6679841897233202
1842,24,0.7101449275362319
1843,24,0.7101449275362319
1844,24,0.7101449275362319
1845,25,0.6566666666666666
1846,24,0.7137681159420289
1847,25,0.6566666666666666
1848,24,0.7065217391304348
1849,23,0.7154150197628458
1850,24,0.7065217391304348
1851,24,0.7065217391304348
1852,24,0.7065217391304348
1853,24,0.7065217391304348
1854,24,0.7101449275362319
1855,24,0.7101449275362319
1856,24,0.7101449275362319
1857,24,0.7065217391304348
1858,24,0.6376811594202898
1859,24,0.5942028985507246
1860,22,0.670995670995671
1861,24,0.7028985507246377
1862,24,0.6992753623188406
1863,24,0.6594202898550725
1864,25,0.64
1865,24,0.6956521739130435
1866,25,0.64
1867,25,0.5833333333333334
1868,24,0.6920289855072463
1869,23,0.6640316205533597
1870,24,0.6884057971014492
1871,24,0.6920289855072463
1872,23,0.6956521739130435
1873,24,0.6992753623188406
1874,23,0.6403162055335968
1875,24,0.6992753623188406
1876,24,0.6304347826086957
1877,24,0.7028985507246377
1878,24,0.7028985507246377
1879,24,0.6268115942028986
1880,23,0.7233201581027668
1881,24,0.6304347826086957
1882,24,0.7065217391304348
1883,24,0.7028985507246377
1884,24,0.6630434782608695
1885,24,0.7028985507246377
1886,24,0.7028985507246377
1887,24,0.7065217391304348
1888,24,0.6376811594202898
1889,24,0.7065217391304348
1890,24,0.7065217391304348
1891,23,0.6956521739130435
1892,24,0.7101449275362319
1893,25,0.6533333333333333
1894,24,0.7101449275362319
1895,23,0.7312252964426877
1896,24,0.7101449275362319
1897,25,0.6566666666666666
1898,24,0.7137681159420289
1899,24,0.7137681159420289
1900,24,0.7137681159420289
1901,24,0.717391304347826
1902,25,0.66
1903,24,0.717391304347826
1904,24,0.717391304347826
1905,24,0.717391304347826
1906,24,0.717391304347826
1907,24,0.717391304347826
1908,24,0.717391304347826
1909,25,0.66
1910,24,0.717391304347826
1911,24,0.717391304347826
1912,24,0.717391304347826
1913,24,0.7137681159420289
1914,24,0.7137681159420289
1915,24,0.7101449275362319
1916,24,0.7101449275362319
1917,24,0.7101449275362319
1918,24,0.7101449275362319
1919,24,0.7101449275362319
1920,24,0.7101449275362319
1921,26,0.6030769230769231
1922,25,0.59
1923,24,0.7101449275362319
1924,24,0.7101449275362319
1925,23,0.6996047430830039
1926,24,0.6340579710144928
1927,23,0.691699604743083
1928,24,0.7101449275362319
1929,24,0.7101449275362319
1930,24,0.7101449275362319
1931,24,0.7101449275362319
1932,25,0.6533333333333333
1933,24,0.7101449275362319
1934,24,0.7065217391304348
1935,24,0.7101449275362319
1936,24,0.7101449275362319
1937,24,0.7101449275362319
1938,24,0.7101449275362319
1939,24,0.7137681159420289
1940,24,0.6557971014492754
1941,24,0.7137681159420289
1942,24,0.7137681159420289
1943,24,0.7137681159420289
1944,24,0.7101449275362319
1945,24,0.7101449275362319
1946,23,0.7114624505928854
1947,24,0.7101449275362319
1948,24,0.7065217391304348
1949,24,0.7065217391304348
1950,24,0.7065217391304348
1951,24,0.7065217391304348
1952,24,0.7065217391304348
1953,24,0.7101449275362319
1954,24,0.6485507246376812
1955,25,0.58
1956,23,0.6403162055335968
1957,24,0.7028985507246377
1958,25,0.6466666666666666
1959,24,0.7028985507246377
1960,23,0.6996047430830039
1961,24,0.6992753623188406
1962,24,0.5978260869565217
1963,24,0.6956521739130435
1964,24,0.6557971014492754
1965,24,0.6956521739130435
1966,24,0.6557971014492754
1967,23,0.6996047430830039
1968,25,0.6466666666666666
1969,24,0.7065217391304348
1970,24,0.7065217391304348
1971,24,0.6666666666666666
1972,23,0.7233201581027668
1973,24,0.7028985507246377
1974,24,0.7028985507246377
1975,23,0.7312252964426877
1976,24,0.7101449275362319
1977,24,0.7137681159420289
1978,24,0.7137681159420289
1979,24,0.7137681159420289
1980,24,0.7137681159420289
1981,24,0.7137681159420289
1982,24,0.7137681159420289
1983,23,0.7351778656126482
1984,24,0.7137681159420289
1985,24,0.7137681159420289
1986,24,0.7137681159420289
1987,24,0.7137681159420289
1988,24,0.7137681159420289
1989,24,0.6557971014492754
1990,24,0.7137681159420289
1991,24,0.7137681159420289
1992,24,0.7137681159420289
1993,24,0.7137681159420289
1994,24,0.7137681159420289
1995,23,0.7114624505928854
1996,24,0.7101449275362319
1997,24,0.7101449275362319
1998,24,0.6630434782608695
1999,24,0.7101449275362319
2000,24,0.7101449275362319
2001,24,0.7101449275362319
2002,24,0.7137681159420289
2003,25,0.6566666666666666
2004,24,0.7137681159420289
2005,25,0.6533333333333333
2006,24,0.7065217391304348
2007,23,0.7193675889328063
2008,24,0.7065217391304348
2009,25,0.65
2010,24,0.7065217391304348
2011,25,0.6533333333333333
2012,24,0.7101449275362319
2013,24,0.6413043478260869
2014,24,0.7065217391304348
2015,24,0.6376811594202898
2016,24,0.7065217391304348
2017,23,0.6996047430830039
2018,23,0.6956521739130435
2019,24,0.7065217391304348
2020,24,0.7065217391304348
2021,24,0.6413043478260869
2022,24,0.7065217391304348
2023,24,0.7028985507246377
2024,24,0.7028985507246377
2025,23,0.6482213438735178
2026,24,0.7028985507246377
2027,25,0.6466666666666666
2028,25,0.65
2029,24,0.7028985507246377
2030,24,0.7028985507246377
2031,24,0.6992753623188406
2032,24,0.6992753623188406
2033,24,0.6557971014492754
2034,24,0.6376811594202898
2035,23,0.7193675889328063
2036,24,0.7028985507246377
2037,24,0.7028985507246377
2038,23,0.6996047430830039
2039,24,0.7065217391304348
2040,24,0.6304347826086957
2041,23,0.6877470355731226
2042,24,0.6666666666666666
2043,23,0.7193675889328063
2044,25,0.6466666666666666
2045,25,0.6466666666666666
2046,24,0.7065217391304348
2047,24,0.7101449275362319
2048,24,0.7101449275362319
2049,24,0.7101449275362319
2050,25,0.6533333333333333
2051,24,0.7101449275362319
2052,24,0.7101449275362319
2053,25,0.6566666666666666
2054,23,0.7391304347826086
2055,24,0.717391304347826
2056,24,0.717391304347826
2057,24,0.7137681159420289
2058,24,0.7137681159420289
2059,24,0.7137681159420289
2060,25,0.6566666666666666
2061,24,0.7137681159420289
2062,24,0.6594202898550725
2063,24,0.7137681159420289
2064,24,0.7137681159420289
2065,24,0.7137681159420289
2066,24,0.7137681159420289
2067,24,0.7137681159420289
2068,24,0.7137681159420289
2069,23,0.7193675889328063
2070,24,0.7137681159420289
2071,24,0.7137681159420289
2072,24,0.7137681159420289
2073,24,0.7137681159420289
2074,24,0.7137681159420289
2075,25,0.66
2076,24,0.717391304347826
2077,24,0.717391304347826
2078,26,0.6092307692307692
2079,24,0.717391304347826
2080,24,0.717391304347826
2081,24,0.717391304347826
2082,24,0.717391304347826
2083,24,0.717391304347826
2084,24,0.717391304347826
2085,24,0.717391304347826
2086,24,0.717391304347826
2087,24,0.717391304347826
2088,24,0.717391304347826
2089,24,0.717391304347826
2090,24,0.717391304347826
2091,24,0.717391304347826
2092,24,0.717391304347826
2093,24,0.717391304347826
2094,24,0.717391304347826
2095,24,0.717391304347826
2096,24,0.717391304347826
2097,24,0.717391304347826
2098,24,0.717391304347826
2099,25,0.66
2100,24,0.717391304347826
2101,24,0.717391304347826
2102,24,0.717391304347826
2103,24,0.717391304347826
2104,24,0.717391304347826
2105,24,0.717391304347826
2106,24,0.717391304347826
2107,24,0.7137681159420289
2108,24,0.7137681159420289
2109,24,0.7137681159420289
2110,24,0.7137681159420289
2111,24,0.7137681159420289
2112,24,0.7137681159420289
2113,24,0.7137681159420289
2114,24,0.6521739130434783
2115,24,0.7137681159420289
2116,24,0.7101449275362319
2117,24,0.7101449275362319
2118,24,0.7101449275362319
2119,23,0.6561264822134387
2120,24,0.7065217391304348
2121,24,0.7065217391304348
2122,24,0.7065217391304348
2123,24,0.6594202898550725
2124,24,0.7065217391304348
2125,25,0.65
2126,24,0.7065217391304348
2127,24,0.7101449275362319
2128,23,0.7233201581027668
2129,25,0.6533333333333333
2130,24,0.7101449275362319
2131,24,0.7101449275362319
2132,23,0.7272727272727273
2133,24,0.7137681159420289
2134,24,0.7101449275362319
2135,25,0.6533333333333333
2136,24,0.7137681159420289
2137,24,0.6666666666666666
2138,24,0.7101449275362319
2139,24,0.7101449275362319
2140,24,0.7101449275362319
2141,24,0.7101449275362319
2142,24,0.7101449275362319
2143,25,0.6533333333333333
2144,24,0.6485507246376812
2145,24,0.7065217391304348
2146,23,0.6719367588932806
2147,24,0.7065217391304348
2148,24,0.7065217391304348
2149,24,0.7065217391304348
2150,23,0.7114624505928854
2151,24,0.7101449275362319
2152,25,0.6533333333333333
2153,24,0.7101449275362319
2154,25,0.6533333333333333
2155,24,0.7101449275362319
2156,24,0.6666666666666666
2157,24,0.7137681159420289
2158,24,0.7137681159420289
2159,25,0.66
2160,24,0.717391304347826
2161,24,0.7137681159420289
2162,24,0.7137681159420289
2163,24,0.7137681159420289
2164,24,0.7137681159420289
2165,24,0.7137681159420289
2166,24,0.6594202898550725
2167,24,0.7137681159420289
2168,24,0.7137681159420289
2169,25,0.6566666666666666
2170,24,0.7137681159420289
2171,24,0.7137681159420289
2172,24,0.7137681159420289
2173,23,0.7154150197628458
2174,24,0.6702898550724637
2175,24,0.7101449275362319
2176,24,0.7065217391304348
2177,24,0.7065217391304348
2178,24,0.7065217391304348
2179,24,0.7101449275362319
2180,24,0.7101449275362319
2181,24,0.7101449275362319
2182,24,0.7101449275362319
2183,24,0.7101449275362319
2184,24,0.7065217391304348
2185,23,0.6521739130434783
2186,24,0.7065217391304348
2187,24,0.7101449275362319
2188,23,0.6996047430830039
2189,24,0.7101449275362319
2190,24,0.6702898550724637
2191,25,0.65
2192,24,0.7065217391304348
2193,24,0.7065217391304348
2194,25,0.5833333333333334
2195,24,0.7065217391304348
2196,23,0.691699604743083
2197,24,0.7065217391304348
2198,24,0.7101449275362319
2199,24,0.7101449275362319
2200,24,0.7101449275362319
2201,24,0.7101449275362319
2202,23,0.7351778656126482
2203,24,0.7137681159420289
2204,24,0.7137681159420289
2205,25,0.6566666666666666
2206,24,0.7137681159420289
2207,24,0.7137681159420289
2208,24,0.6739130434782609
2209,24,0.7137681159420289
2210,24,0.7101449275362319
2211,25,0.6166666666666667
2212,24,0.7101449275362319
2213,24,0.7101449275362319
2214,24,0.6702898550724637
2215,24,0.7065217391304348
2216,24,0.7065217391304348
2217,24,0.7065217391304348
2218,24,0.7065217391304348
2219,23,0.7193675889328063
2220,24,0.6992753623188406
2221,24,0.7028985507246377
2222,23,0.7233201581027668
2223,24,0.7028985507246377
2224,24,0.6557971014492754
2225,24,0.7065217391304348
2226,23,0.7312252964426877
2227,24,0.7101449275362319
2228,24,0.644927536231884
2229,25,0.6533333333333333
2230,24,0.7101449275362319
2231,22,0.7056277056277056
2232,24,0.7065217391304348
2233,24,0.7065217391304348
2234,24,0.7065217391304348
2235,24,0.7065217391304348
2236,24,0.7065217391304348
2237,24,0.7101449275362319
2238,24,0.6521739130434783
2239,24,0.7101449275362319
2240,24,0.7101449275362319
2241,24,0.7137681159420289
2242,24,0.7137681159420289
2243,24,0.7137681159420289
2244,23,0.7154150197628458
2245,24,0.7137681159420289
2246,24,0.7137681159420289
2247,24,0.7137681159420289
2248,24,0.7137681159420289
2249,24,0.7101449275362319
2250,24,0.7101449275362319
2251,24,0.7137681159420289
2252,24,0.7137681159420289
2253,24,0.6630434782608695
2254,24,0.7137681159420289
2255,24,0.7137681159420289
2256,25,0.6566666666666666
2257,24,0.7137681159420289
2258,24,0.7137681159420289
2259,24,0.7137681159420289
2260,24,0.6739130434782609
2261,23,0.7154150197628458
2262,25,0.65
2263,24,0.6630434782608695
2264,24,0.7028985507246377
2265,24,0.7028985507246377
2266,24,0.7065217391304348
2267,24,0.7065217391304348
2268,24,0.7065217391304348
2269,24,0.7065217391304348
2270,24,0.7065217391304348
2271,24,0.7065217391304348
2272,22,0.7489177489177489
2273,25,0.6533333333333333
2274,24,0.7101449275362319
2275,24,0.6340579710144928
2276,23,0.6956521739130435
2277,24,0.7137681159420289
2278,24,0.7137681159420289
2279,24,0.7137681159420289
2280,24,0.7137681159420289
2281,24,0.7137681159420289
2282,24,0.7137681159420289
2283,24,0.7137681159420289
2284,24,0.7137681159420289
2285,24,0.7137681159420289
2286,25,0.6566666666666666
2287,24,0.7137681159420289
2288,24,0.717391304347826
2289,24,0.717391304347826
2290,25,0.66
2291,24,0.717391304347826
2292,24,0.717391304347826
2293,24,0.717391304347826
2294,25,0.66
2295,24,0.717391304347826
2296,24,0.717391304347826
2297,24,0.717391304347826
2298,24,0.7137681159420289
2299,25,0.6533333333333333
2300,24,0.6702898550724637
2301,24,0.7101449275362319
2302,24,0.7101449275362319
2303,24,0.7065217391304348
2304,24,0.7065217391304348
2305,25,0.65
2306,24,0.6376811594202898
2307,24,0.7028985507246377
2308,24,0.6485507246376812
2309,24,0.7028985507246377
2310,23,0.691699604743083
2311,24,0.6195652173913043
2312,24,0.6992753623188406
2313,24,0.6413043478260869
2314,24,0.6992753623188406
2315,23,0.7035573122529645
2316,24,0.6992753623188406
2317,24,0.6992753623188406
2318,23,0.6956521739130435
2319,24,0.7028985507246377
2320,25,0.6433333333333333
2321,24,0.7028985507246377
2322,23,0.7233201581027668
2323,24,0.6557971014492754
2324,24,0.7065217391304348
2325,24,0.6304347826086957
2326,23,0.691699604743083
2327,24,0.6702898550724637
2328,24,0.7065217391304348
2329,24,0.7028985507246377
2330,24,0.7028985507246377
2331,24,0.7028985507246377
2332,23,0.7154150197628458
2333,25,0.6466666666666666
2334,24,0.7028985507246377
2335,24,0.644927536231884
2336,24,0.7065217391304348
2337,24,0.7065217391304348
2338,24,0.7065217391304348
2339,23,0.7272727272727273
2340,24,0.7028985507246377
2341,23,0.7035573122529645
2342,24,0.7028985507246377
2343,25,0.6033333333333334
2344,24,0.7028985507246377
2345,24,0.7028985507246377
2346,24,0.7028985507246377
2347,24,0.6376811594202898
2348,24,0.6340579710144928
2349,24,0.7065217391304348
2350,23,0.691699604743083
2351,23,0.6996047430830039
2352,23,0.7193675889328063
2353,24,0.7065217391304348
2354,24,0.7065217391304348
2355,24,0.7065217391304348
2356,24,0.7101449275362319
2357,24,0.7101449275362319
2358,24,0.7101449275362319
2359,24,0.7101449275362319
2360,24,0.7137681159420289
2361,24,0.7137681159420289
2362,24,0.7137681159420289
2363,24,0.6702898550724637
2364,24,0.7137681159420289
2365,24,0.7137681159420289
2366,24,0.6739130434782609
2367,24,0.7101449275362319
2368,24,0.7101449275362319
2369,24,0.7101449275362319
2370,24,0.7101449275362319
2371,25,0.6533333333333333
2372,24,0.7101449275362319
2373,23,0.7272727272727273
2374,24,0.7101449275362319
2375,24,0.7101449275362319
2376,24,0.7137681159420289
2377,25,0.6566666666666666
2378,23,0.7391304347826086
2379,24,0.717391304347826
2380,24,0.7137681159420289
2381,24,0.7137681159420289
2382,24,0.6702898550724637
2383,24,0.7137681159420289
2384,24,0.7137681159420289
2385,24,0.6739130434782609
2386,24,0.7101449275362319
2387,24,0.7101449275362319
2388,24,0.7101449275362319
2389,25,0.6466666666666666
2390,24,0.6666666666666666
2391,24,0.7028985507246377
2392,23,0.7193675889328063
2393,24,0.7028985507246377
2394,24,0.7028985507246377
2395,24,0.7065217391304348
2396,24,0.6485507246376812
2397,23,0.7272727272727273
2398,24,0.7028985507246377
2399,25,0.6433333333333333
2400,24,0.6992753623188406
2401,22,0.7186147186147186
2402,24,0.6992753623188406
2403,24,0.6521739130434783
2404,24,0.644927536231884
2405,24,0.7028985507246377
2406,24,0.7028985507246377
2407,24,0.6268115942028986
2408,24,0.6992753623188406
2409,23,0.6877470355731226
2410,23,0.7035573122529645
2411,23,0.7114624505928854
2412,24,0.7028985507246377
2413,24,0.6630434782608695
2414,24,0.6992753623188406
2415,24,0.6992753623188406
2416,24,0.6340579710144928
2417,24,0.7065217391304348
2418,24,0.7065217391304348
2419,23,0.6956521739130435
2420,24,0.7101449275362319
2421,24,0.6702898550724637
2422,24,0.7065217391304348
2423,24,0.7065217391304348
2424,24,0.7065217391304348
2425,23,0.7312252964426877
2426,24,0.7101449275362319
2427,24,0.7101449275362319
2428,24,0.7101449275362319
2429,24,0.7137681159420289
2430,25,0.6566666666666666
2431,24,0.7137681159420289
2432,24,0.7137681159420289
2433,23,0.7391304347826086
2434,24,0.717391304347826
2435,24,0.717391304347826
2436,24,0.717391304347826
2437,25,0.66
2438,24,0.7137681159420289
2439,24,0.7137681159420289
2440,24,0.7137681159420289
2441,24,0.7137681159420289
2442,24,0.7137681159420289
2443,25,0.6066666666666667
2444,24,0.7137681159420289
2445,24,0.7137681159420289
2446,25,0.6566666666666666
2447,24,0.6739130434782609
2448,24,0.7101449275362319
2449,24,0.7101449275362319
2450,23,0.7154150197628458
2451,24,0.7101449275362319
2452,24,0.7101449275362319
2453,24,0.7101449275362319
2454,24,0.7101449275362319
2455,25,0.6533333333333333
2456,24,0.7137681159420289
2457,24,0.7137681159420289
2458,24,0.7137681159420289
2459,23,0.7391304347826086
2460,24,0.717391304347826
2461,24,0.717391304347826
2462,24,0.7137681159420289
2463,24,0.6702898550724637
2464,24,0.7101449275362319
2465,24,0.7101449275362319
2466,24,0.7101449275362319
2467,24,0.6594202898550725
2468,24,0.7101449275362319
2469,24,0.7101449275362319
2470,24,0.7101449275362319
2471,24,0.7101449275362319
2472,24,0.7101449275362319
2473,24,0.7101449275362319
2474,23,0.7312252964426877
2475,23,0.7193675889328063
2476,24,0.7137681159420289
2477,24,0.7137681159420289
2478,24,0.7101449275362319
2479,24,0.7065217391304348
2480,24,0.6702898550724637
2481,24,0.7101449275362319
2482,24,0.7101449275362319
2483,24,0.7101449275362319
2484,24,0.7101449275362319
2485,24,0.7101449275362319
2486,24,0.7101449275362319
2487,24,0.6413043478260869
2488,24,0.7101449275362319
2489,24,0.7101449275362319
2490,23,0.6996047430830039
2491,23,0.7312252964426877
2492,24,0.7101449275362319
2493,24,0.7137681159420289
2494,24,0.7137681159420289
2495,24,0.7137681159420289
2496,24,0.7137681159420289
2497,24,0.7137681159420289
2498,24,0.7101449275362319
2499,24,0.7101449275362319
2500,24,0.7137681159420289
2501,24,0.7137681159420289
2502,24,0.7137681159420289
2503,24,0.7137681159420289
2504,24,0.7137681159420289
2505,24,0.7137681159420289
2506,24,0.7137681159420289
2507,24,0.7137681159420289
2508,24,0.7137681159420289
2509,24,0.6376811594202898
2510,23,0.6956521739130435
2511,24,0.7101449275362319
2512,24,0.7101449275362319
2513,24,0.7101449275362319
2514,24,0.7101449275362319
2515,24,0.7101449275362319
2516,24,0.7101449275362319
2517,24,0.7101449275362319
2518,24,0.7101449275362319
2519,24,0.7101449275362319
2520,24,0.7101449275362319
2521,24,0.6376811594202898
2522,24,0.7137681159420289
2523,23,0.6996047430830039
2524,24,0.7137681159420289
2525,25,0.6566666666666666
2526,25,0.6566666666666666
2527,25,0.6566666666666666
2528,24,0.7137681159420289
2529,24,0.7137681159420289
2530,24,0.7137681159420289
2531,24,0.7137681159420289
2532,24,0.7101449275362319
2533,24,0.7101449275362319
2534,24,0.7137681159420289
2535,24,0.6666666666666666
2536,24,0.7137681159420289
2537,24,0.7137681159420289
2538,24,0.7137681159420289
2539,24,0.7137681159420289
2540,24,0.7137681159420289
2541,25,0.6566666666666666
2542,24,0.7101449275362319
2543,24,0.7101449275362319
2544,23,0.7233201581027668
2545,24,0.7101449275362319
2546,24,0.7101449275362319
2547,24,0.7101449275362319
2548,24,0.7137681159420289
2549,24,0.7137681159420289
2550,24,0.7137681159420289
2551,24,0.7101449275362319
2552,25,0.6533333333333333
2553,24,0.6304347826086957
2554,23,0.6877470355731226
2555,24,0.7065217391304348
2556,25,0.65
2557,24,0.7065217391304348
2558,24,0.7065217391304348
2559,24,0.644927536231884
2560,24,0.7065217391304348
2561,24,0.7065217391304348
2562,24,0.7065217391304348
2563,23,0.6245059288537549
2564,24,0.7065217391304348
2565,23,0.6956521739130435
2566,24,0.7101449275362319
2567,24,0.7101449275362319
2568,24,0.7101449275362319
2569,25,0.6166666666666667
2570,24,0.7065217391304348
2571,24,0.7065217391304348
2572,24,0.7101449275362319
2573,24,0.7101449275362319
2574,24,0.7101449275362319
2575,24,0.7101449275362319
2576,24,0.7065217391304348
2577,24,0.7065217391304348
2578,24,0.6992753623188406
2579,24,0.6557971014492754
2580,24,0.6992753623188406
2581,24,0.6630434782608695
2582,24,0.7028985507246377
2583,24,0.7028985507246377
2584,24,0.6485507246376812
2585,24,0.644927536231884
2586,24,0.6304347826086957
2587,24,0.6992753623188406
2588,22,0.696969696969697
2589,24,0.6992753623188406
2590,23,0.6363636363636364
2591,24,0.6992753623188406
2592,24,0.7028985507246377
2593,24,0.7028985507246377
2594,24,0.7028985507246377
2595,24,0.6304347826086957
2596,24,0.6992753623188406
2597,24,0.7028985507246377
2598,23,0.6956521739130435
2599,24,0.7101449275362319
2600,24,0.7101449275362319
2601,24,0.7101449275362319
2602,24,0.6485507246376812
2603,25,0.6533333333333333
2604,24,0.7101449275362319
2605,24,0.7101449275362319
2606,24,0.7101449275362319
2607,23,0.7075098814229249
2608,26,0.6061538461538462
2609,24,0.7137681159420289
2610,25,0.6566666666666666
2611,25,0.6566666666666666
2612,24,0.7101449275362319
2613,25,0.6533333333333333
2614,24,0.7101449275362319
2615,24,0.6666666666666666
2616,25,0.6566666666666666
2617,25,0.6566666666666666
2618,24,0.7137681159420289
2619,24,0.7137681159420289
2620,24,0.7137681159420289
2621,24,0.7137681159420289
2622,25,0.6566666666666666
2623,24,0.7137681159420289
2624,23,0.7272727272727273
2625,24,0.7137681159420289
2626,24,0.7137681159420289
2627,24,0.7137681159420289
2628,24,0.717391304347826
2629,24,0.717391304347826
2630,24,0.7137681159420289
2631,24,0.7137681159420289
2632,24,0.7137681159420289
2633,24,0.7137681159420289
2634,24,0.7137681159420289
2635,24,0.7137681159420289
2636,24,0.7137681159420289
2637,24,0.7137681159420289
2638,24,0.7137681159420289
2639,24,0.644927536231884
2640,24,0.6739130434782609
2641,24,0.7065217391304348
2642,23,0.691699604743083
2643,24,0.7028985507246377
2644,25,0.6466666666666666
2645,25,0.6466666666666666
2646,24,0.6521739130434783
2647,25,0.6466666666666666
2648,24,0.7028985507246377
2649,24,0.6376811594202898
2650,24,0.7028985507246377
2651,24,0.7028985507246377
2652,23,0.7312252964426877
2653,24,0.644927536231884
2654,23,0.7193675889328063
2655,24,0.7101449275362319
2656,24,0.7101449275362319
2657,24,0.7101449275362319
2658,24,0.7101449275362319
2659,24,0.7137681159420289
2660,24,0.7137681159420289
2661,24,0.7137681159420289
2662,24,0.7137681159420289
2663,24,0.7137681159420289
2664,24,0.7137681159420289
2665,24,0.7137681159420289
2666,24,0.7137681159420289
2667,24,0.7101449275362319
2668,24,0.7101449275362319
2669,24,0.7101449275362319
2670,24,0.7101449275362319
2671,24,0.7065217391304348
2672,24,0.7065217391304348
2673,24,0.5905797101449275
2674,23,0.691699604743083
2675,24,0.6376811594202898
2676,24,0.7028985507246377
2677,24,0.7028985507246377
2678,24,0.7028985507246377
2679,23,0.6956521739130435
2680,25,0.6466666666666666
2681,24,0.7028985507246377
2682,25,0.6466666666666666
2683,23,0.7233201581027668
2684,24,0.6340579710144928
2685,24,0.7028985507246377
2686,24,0.7065217391304348
2687,23,0.6956521739130435
2688,25,0.6533333333333333
2689,24,0.6630434782608695
2690,24,0.6702898550724637
2691,24,0.7028985507246377
2692,24,0.7028985507246377
2693,24,0.6557971014492754
2694,24,0.6992753623188406
2695,24,0.6992753623188406
2696,25,0.6433333333333333
2697,24,0.7028985507246377
2698,23,0.7154150197628458
2699,24,0.644927536231884
2700,24,0.7028985507246377
2701,25,0.6466666666666666
2702,23,0.7312252964426877
2703,23,0.7272727272727273
2704,24,0.7101449275362319
2705,23,0.7114624505928854
2706,24,0.7137681159420289
2707,25,0.6566666666666666
2708,24,0.7137681159420289
2709,24,0.7137681159420289
2710,24,0.7137681159420289
2711,24,0.7137681159420289
2712,24,0.717391304347826
2713,24,0.717391304347826
2714,25,0.6566666666666666
2715,24,0.7137681159420289
2716,24,0.7137681159420289
2717,24,0.7137681159420289
2718,24,0.7137681159420289
2719,24,0.7137681159420289
2720,24,0.7137681159420289
2721,24,0.7137681159420289
2722,24,0.6485507246376812
2723,24,0.7137681159420289
2724,25,0.6566666666666666
2725,24,0.7137681159420289
2726,23,0.7035573122529645
2727,24,0.7065217391304348
2728,24,0.7065217391304348
2729,24,0.7065217391304348
2730,24,0.7065217391304348
2731,24,0.7065217391304348
2732,24,0.7065217391304348
2733,24,0.644927536231884
2734,24,0.7065217391304348
2735,24,0.7101449275362319
2736,24,0.7101449275362319
2737,24,0.6376811594202898
2738,23,0.7035573122529645
2739,23,0.691699604743083
2740,24,0.7065217391304348
2741,24,0.7065217391304348
2742,24,0.7065217391304348
2743,24,0.7065217391304348
2744,24,0.6485507246376812
2745,24,0.7065217391304348
2746,24,0.7101449275362319
2747,24,0.7101449275362319
2748,24,0.7101449275362319
2749,24,0.7101449275362319
2750,23,0.7154150197628458
2751,25,0.6566666666666666
2752,25,0.6566666666666666
2753,24,0.7101449275362319
2754,24,0.6702898550724637
2755,24,0.7101449275362319
2756,25,0.6733333333333333
2757,25,0.6566666666666666
2758,24,0.7137681159420289
2759,24,0.7137681159420289
2760,24,0.7101449275362319
2761,24,0.7101449275362319
2762,24,0.7101449275362319
2763,24,0.7101449275362319
2764,25,0.6533333333333333
2765,23,0.7312252964426877
2766,24,0.7101449275362319
2767,25,0.6033333333333334
2768,24,0.644927536231884
2769,24,0.7065217391304348
2770,24,0.7065217391304348
2771,24,0.7065217391304348
2772,23,0.691699604743083
2773,24,0.6992753623188406
2774,23,0.6837944664031621
2775,24,0.5978260869565217
2776,24,0.6992753623188406
2777,24,0.6992753623188406
2778,24,0.6992753623188406
2779,24,0.6992753623188406
2780,23,0.7035573122529645
2781,24,0.7065217391304348
2782,24,0.7065217391304348
2783,24,0.7065217391304348
2784,22,0.7402597402597403
2785,25,0.6466666666666666
2786,24,0.7028985507246377
2787,24,0.7028985507246377
2788,24,0.7065217391304348
2789,24,0.7065217391304348
2790,24,0.7065217391304348
2791,24,0.7028985507246377
2792,24,0.7028985507246377
2793,24,0.5797101449275363
2794,24,0.644927536231884
2795,24,0.7028985507246377
2796,23,0.6956521739130435
2797,25,0.6466666666666666
2798,24,0.6413043478260869
2799,23,0.7075098814229249
2800,23,0.7035573122529645
2801,24,0.7028985507246377
2802,24,0.7028985507246377
2803,23,0.6996047430830039
2804,24,0.7028985507246377
2805,24,0.7028985507246377
2806,24,0.7101449275362319
2807,25,0.6566666666666666
2808,24,0.7137681159420289
2809,24,0.7137681159420289
2810,24,0.7137681159420289
2811,24,0.717391304347826
2812,24,0.717391304347826
2813,25,0.66
2814,24,0.717391304347826
2815,24,0.717391304347826
2816,24,0.717391304347826
2817,24,0.717391304347826
2818,24,0.717391304347826
2819,24,0.717391304347826
2820,24,0.717391304347826
2821,24,0.717391304347826
2822,24,0.717391304347826
2823,24,0.717391304347826
2824,24,0.717391304347826
2825,24,0.717391304347826
2826,24,0.677536231884058
2827,24,0.7137681159420289
2828,24,0.7137681159420289
2829,24,0.7137681159420289
2830,24,0.7137681159420289
2831,24,0.7101449275362319
2832,24,0.7101449275362319
2833,24,0.7065217391304348
2834,24,0.6666666666666666
2835,24,0.7065217391304348
2836,24,0.7065217391304348
2837,24,0.7065217391304348
2838,23,0.7272727272727273
2839,24,0.6413043478260869
2840,24,0.6594202898550725
2841,24,0.7028985507246377
2842,24,0.7028985507246377
2843,23,0.6956521739130435
2844,24,0.7028985507246377
2845,23,0.7233201581027668
2846,24,0.7028985507246377
2847,24,0.7028985507246377
2848,24,0.6376811594202898
2849,26,0.5969230769230769
2850,23,0.6679841897233202
2851,24,0.7028985507246377
2852,24,0.6413043478260869
2853,24,0.7101449275362319
2854,24,0.7101449275362319
2855,24,0.7065217391304348
2856,24,0.7065217391304348
2857,24,0.7065217391304348
2858,24,0.7065217391304348
2859,23,0.7154150197628458
2860,25,0.6466666666666666
2861,25,0.65
2862,24,0.7065217391304348
2863,24,0.6413043478260869
2864,24,0.6485507246376812
2865,24,0.7028985507246377
2866,24,0.7028985507246377
2867,23,0.691699604743083
2868,24,0.6992753623188406
2869,25,0.5933333333333334
2870,24,0.6992753623188406
2871,23,0.6600790513833992
2872,24,0.6956521739130435
2873,24,0.6268115942028986
2874,25,0.64
2875,23,0.6284584980237155
2876,23,0.6877470355731226
2877,24,0.7028985507246377
2878,24,0.6992753623188406
2879,23,0.6521739130434783
2880,24,0.6992753623188406
2881,24,0.6992753623188406
2882,25,0.6433333333333333
2883,23,0.7233201581027668
2884,24,0.7028985507246377
2885,24,0.7028985507246377
2886,24,0.7065217391304348
2887,24,0.6521739130434783
2888,24,0.7101449275362319
2889,24,0.7101449275362319
2890,23,0.7312252964426877
2891,24,0.7101449275362319
2892,24,0.7137681159420289
2893,24,0.7137681159420289
2894,23,0.7193675889328063
2895,24,0.7137681159420289
2896,24,0.7101449275362319
2897,24,0.6702898550724637
2898,24,0.7101449275362319
2899,24,0.7101449275362319
2900,25,0.6566666666666666
2901,24,0.7137681159420289
2902,24,0.7137681159420289
2903,24,0.7137681159420289
2904,24,0.7137681159420289
2905,24,0.7137681159420289
2906,24,0.7137681159420289
2907,24,0.7137681159420289
2908,23,0.7351778656126482
2909,24,0.7137681159420289
2910,24,0.717391304347826
2911,24,0.7137681159420289
2912,24,0.7137681159420289
2913,24,0.7137681159420289
2914,24,0.7137681159420289
2915,24,0.7137681159420289
2916,24,0.6594202898550725
2917,24,0.7137681159420289
2918,24,0.7137681159420289
2919,25,0.6566666666666666
2920,24,0.7101449275362319
2921,24,0.7101449275362319
2922,24,0.7101449275362319
2923,23,0.7154150197628458
2924,24,0.7065217391304348
2925,24,0.7065217391304348
2926,24,0.7065217391304348
2927,24,0.6014492753623188
2928,25,0.65
2929,24,0.7065217391304348
2930,24,0.6666666666666666
2931,24,0.7065217391304348
2932,23,0.7075098814229249
2933,24,0.7065217391304348
2934,24,0.7028985507246377
2935,24,0.6630434782608695
2936,24,0.6594202898550725
2937,24,0.7028985507246377
2938,24,0.6992753623188406
2939,24,0.6956521739130435
2940,24,0.7028985507246377
2941,23,0.7233201581027668
2942,24,0.6521739130434783
2943,24,0.6557971014492754
2944,24,0.7065217391304348
2945,24,0.7028985507246377
2946,23,0.7233201581027668
2947,24,0.7028985507246377
2948,24,0.6594202898550725
2949,24,0.7028985507246377
2950,24,0.6123188405797102
2951,23,0.7114624505928854
2952,24,0.7028985507246377
2953,24,0.7028985507246377
2954,24,0.6992753623188406
2955,24,0.7028985507246377
2956,24,0.7065217391304348
2957,23,0.7193675889328063
2958,24,0.7065217391304348
2959,24,0.7065217391304348
2960,24,0.6485507246376812
2961,23,0.7312252964426877
2962,25,0.6533333333333333
2963,24,0.7137681159420289
2964,24,0.7137681159420289
2965,24,0.7137681159420289
2966,23,0.7154150197628458
2967,25,0.6566666666666666
2968,24,0.7137681159420289
2969,25,0.6566666666666666
2970,24,0.7137681159420289
2971,24,0.7137681159420289
2972,24,0.7137681159420289
2973,24,0.717391304347826
2974,24,0.717391304347826
2975,24,0.717391304347826
2976,24,0.717391304347826
2977,26,0.6061538461538462
2978,24,0.7137681159420289
2979,24,0.7137681159420289
2980,24,0.7137681159420289
2981,24,0.6630434782608695
2982,24,0.7137681159420289
2983,24,0.7137681159420289
2984,24,0.7137681159420289
2985,24,0.7137681159420289
2986,24,0.7137681159420289
2987,24,0.7137681159420289
2988,24,0.7137681159420289
2989,23,0.7233201581027668
2990,24,0.7137681159420289
2991,24,0.7137681159420289
2992,24,0.7137681159420289
2993,24,0.7137681159420289
2994,24,0.717391304347826
2995,24,0.717391304347826
2996,24,0.717391304347826
2997,24,0.717391304347826
2998,24,0.717391304347826
2999,24,0.717391304347826
3000,24,0.677536231884058
3001,24,0.7137681159420289
3002,24,0.7137681159420289
3003,24,0.7101449275362319
3004,24,0.7101449275362319
3005,24,0.7101449275362319
3006,24,0.6630434782608695
3007,24,0.7101449275362319
3008,24,0.7101449275362319
3009,24,0.7101449275362319
3010,24,0.7101449275362319
3011,24,0.7101449275362319
3012,24,0.6739130434782609
3013,25,0.6566666666666666
3014,24,0.7137681159420289
3015,23,0.7272727272727273
3016,24,0.7137681159420289
3017,24,0.7137681159420289
3018,24,0.7137681159420289
3019,25,0.66
3020,24,0.717391304347826
3021,25,0.66
3022,24,0.717391304347826
3023,24,0.717391304347826
3024,25,0.66
3025,24,0.677536231884058
3026,24,0.7137681159420289
3027,24,0.7101449275362319
3028,24,0.7101449275362319
3029,25,0.6533333333333333
3030,24,0.7101449275362319
3031,24,0.7101449275362319
3032,25,0.6533333333333333
3033,24,0.6521739130434783
3034,24,0.7101449275362319
